{"type":"FeatureCollection","features":[{"type":"Feature","id":1,"geometry":{"type":"MultiPolygon","coordinates":[[[[6.30957143,46.30439691],[6.30956197,46.3044125],[6.30973529,46.30446154],[6.30974475,46.30444594],[6.30957143,46.30439691]]]]},"properties":{"cleabs":"BATIMENT0000000299255935","nature":"Indifférenciée","usage_1":"Commercial et services","usage_2":null,"nombre_d_etages":null,"nombre_de_logements":null,"altitude_minimale_sol":429.4,"altitude_maximale_toit":438.3,"hauteur":8.5,"hauteur_estimee":false,"h_gouttiere":8.5,"h_faitage":8.9,"identifiants_rnb":null,"date_d_apparition":null}},{"type":"Feature","id":2,"geometry":{"type":"MultiPolygon","coordinates":[[[[6.30974475,46.30444594],[6.30980859,46.30434044],[6.30963516,46.30428961],[6.30957143,46.30439691],[6.30974475,46.30444594]]]]},"properties":{"cleabs":"BATIMENT0000000299255936","nature":"Indifférenciée","usage_1":"Commercial et services","usage_2":null,"nombre_d_etages":null,"nombre_de_logements":null,"altitude_minimale_sol":430.3,"altitude_maximale_toit":438.7,"hauteur":7.8,"hauteur_estimee":false,"h_gouttiere":7.8,"h_faitage":8.4,"identifiants_rnb":"BM26G7GASNBM","date_d_apparition":null}},{"type":"Feature","id":3,"geometry":{"type":"MultiPolygon","coordinates":[[[[6.31021365,46.30400692],[6.31022468,46.30399578],[6.3102514,46.30400762],[6.31024167,46.30401872],[6.31021365,46.30400692]]]]},"properties":{"cleabs":"BATIMENT0000000299255942","nature":"Indifférenciée","usage_1":"Indifférencié","usage_2":null,"nombre_d_etages":null,"nombre_de_logements":null,"altitude_minimale_sol":431.2,"altitude_maximale_toit":439.4,"hauteur":5.9,"hauteur_estimee":false,"h_gouttiere":5.9,"h_faitage":8.2,"identifiants_rnb":"TJBDMGJB17C4","date_d_apparition":null}},{"type":"Feature","id":4,"geometry":{"type":"MultiPolygon","coordinates":[[[[6.30844523,46.30489108],[6.30842864,46.3049177],[6.30835993,46.30502875],[6.30822609,46.30498757],[6.30829842,46.30487191],[6.30829929,46.30486468],[6.30830973,46.30486528],[6.3083926,46.30488089],[6.30844523,46.30489108]]]]},"properties":{"cleabs":"BATIMENT0000000299256090","nature":"Indifférenciée","usage_1":"Commercial et services","usage_2":null,"nombre_d_etages":null,"nombre_de_logements":null,"altitude_minimale_sol":429.4,"altitude_maximale_toit":439.3,"hauteur":8.2,"hauteur_estimee":false,"h_gouttiere":8.2,"h_faitage":9.9,"identifiants_rnb":"N3RVRPHXJJMY","date_d_apparition":null}},{"type":"Feature","id":5,"geometry":{"type":"MultiPolygon","coordinates":[[[[6.30802585,46.30453645],[6.30805547,46.30448872],[6.30815479,46.30451828],[6.30817009,46.3044917],[6.3084033,46.30456334],[6.30841276,46.30454774],[6.30820216,46.30448446],[6.30823892,46.30442571],[6.30821777,46.30442002],[6.30825572,46.30435943],[6.30848741,46.30442751],[6.30850152,46.30440276],[6.30850514,46.30439815],[6.30859246,46.30442265],[6.30861602,46.30438231],[6.30865979,46.30439636],[6.3085913,46.30451101],[6.30864556,46.30452656],[6.30871805,46.30441359],[6.3087471,46.30442086],[6.30893249,46.30447586],[6.30885881,46.30459066],[6.30884134,46.30460288],[6.30868489,46.30455335],[6.30862456,46.30465244],[6.30878085,46.30469927],[6.30877804,46.30471738],[6.30875069,46.30475963],[6.30873296,46.30478899],[6.30870815,46.30483027],[6.30887103,46.30487871],[6.30889476,46.30484107],[6.30891374,46.30481077],[6.30894358,46.30476665],[6.30897539,46.30477654],[6.30911837,46.30481835],[6.30904501,46.30493854],[6.30892448,46.30490239],[6.30887561,46.30497591],[6.30882162,46.30496486],[6.30880053,46.30496007],[6.3087361,46.30494842],[6.3087321,46.30494674],[6.30872674,46.30494419],[6.308715,46.30494363],[6.30871105,46.30494284],[6.30866361,46.3049325],[6.30864652,46.30492939],[6.30863732,46.30492786],[6.30869322,46.30484152],[6.30855679,46.30480042],[6.30851302,46.30478637],[6.30849371,46.304768],[6.30854122,46.30469362],[6.30848296,46.30467638],[6.30843674,46.30475073],[6.30839568,46.3047384],[6.30844055,46.3046632],[6.30828951,46.30461711],[6.3082445,46.304604],[6.30802585,46.30453645]]]]},"properties":{"cleabs":"BATIMENT0000000299256091","nature":"Indifférenciée","usage_1":"Commercial et services","usage_2":null,"nombre_d_etages":null,"nombre_de_logements":null,"altitude_minimale_sol":429.4,"altitude_maximale_toit":438.5,"hauteur":5.8,"hauteur_estimee":false,"h_gouttiere":5.8,"h_faitage":9.1,"identifiants_rnb":"TVH18CGW9S32","date_d_apparition":null}},{"type":"Feature","id":6,"geometry":{"type":"MultiPolygon","coordinates":[[[[6.30863732,46.30492786],[6.30862073,46.30495448],[6.30884469,46.30502368],[6.30887561,46.30497591],[6.30882162,46.30496486],[6.30880053,46.30496007],[6.3087361,46.30494842],[6.3087321,46.30494674],[6.30872674,46.30494419],[6.308715,46.30494363],[6.30871105,46.30494284],[6.30866361,46.3049325],[6.30864652,46.30492939],[6.30863732,46.30492786]]]]},"properties":{"cleabs":"BATIMENT0000000299256093","nature":"Indifférenciée","usage_1":"Commercial et services","usage_2":null,"nombre_d_etages":null,"nombre_de_logements":null,"altitude_minimale_sol":431.9,"altitude_maximale_toit":435.8,"hauteur":3.4,"hauteur_estimee":false,"h_gouttiere":3.4,"h_faitage":3.9,"identifiants_rnb":"CEFYK17R6G61","date_d_apparition":null}},{"type":"Feature","id":7,"geometry":{"type":"MultiPolygon","coordinates":[[[[6.3087471,46.30442086],[6.30871805,46.30441359],[6.30865979,46.30439636],[6.30861602,46.30438231],[6.30853526,46.30435852],[6.30879814,46.30393179],[6.30900873,46.30399507],[6.3087471,46.30442086]]]]},"properties":{"cleabs":"BATIMENT0000000299256094","nature":"Indifférenciée","usage_1":"Commercial et services","usage_2":null,"nombre_d_etages":null,"nombre_de_logements":null,"altitude_minimale_sol":429.4,"altitude_maximale_toit":439.8,"hauteur":6.9,"hauteur_estimee":false,"h_gouttiere":6.9,"h_faitage":10.4,"identifiants_rnb":"VWDHA4E8M7EW","date_d_apparition":null}},{"type":"Feature","id":8,"geometry":{"type":"MultiPolygon","coordinates":[[[[6.30825572,46.30435943],[6.30827361,46.30433278],[6.30850152,46.30440276],[6.30848741,46.30442751],[6.30825572,46.30435943]]]]},"properties":{"cleabs":"BATIMENT0000000299256095","nature":"Indifférenciée","usage_1":"Commercial et services","usage_2":null,"nombre_d_etages":null,"nombre_de_logements":null,"altitude_minimale_sol":429.4,"altitude_maximale_toit":null,"hauteur":null,"hauteur_estimee":true,"h_gouttiere":3,"h_faitage":3,"identifiants_rnb":"JDNVJHYKXDQF","date_d_apparition":null}},{"type":"Feature","id":9,"geometry":{"type":"MultiPolygon","coordinates":[[[[6.30877804,46.30471738],[6.30878085,46.30469927],[6.30884134,46.30460288],[6.30885881,46.30459066],[6.30902315,46.30464176],[6.30899347,46.30468859],[6.30902528,46.30469848],[6.30897539,46.30477654],[6.30894358,46.30476665],[6.30877804,46.30471738]]]]},"properties":{"cleabs":"BATIMENT0000000299256096","nature":"Indifférenciée","usage_1":"Commercial et services","usage_2":null,"nombre_d_etages":null,"nombre_de_logements":null,"altitude_minimale_sol":429.4,"altitude_maximale_toit":436.3,"hauteur":5.3,"hauteur_estimee":false,"h_gouttiere":5.3,"h_faitage":6.9,"identifiants_rnb":"WKH7FW77JP9Q","date_d_apparition":null}},{"type":"Feature","id":10,"geometry":{"type":"MultiPolygon","coordinates":[[[[6.30875069,46.30475963],[6.30891374,46.30481077],[6.30889476,46.30484107],[6.30873296,46.30478899],[6.30875069,46.30475963]]]]},"properties":{"cleabs":"BATIMENT0000000299256097","nature":"Indifférenciée","usage_1":"Commercial et services","usage_2":null,"nombre_d_etages":null,"nombre_de_logements":null,"altitude_minimale_sol":429.4,"altitude_maximale_toit":null,"hauteur":null,"hauteur_estimee":true,"h_gouttiere":3,"h_faitage":3,"identifiants_rnb":"2MJWSWP318FG","date_d_apparition":null}},{"type":"Feature","id":11,"geometry":{"type":"MultiPolygon","coordinates":[[[[6.30915827,46.30377983],[6.30914886,46.30379633],[6.30919771,46.30380843],[6.30920711,46.30379193],[6.30915827,46.30377983]]]]},"properties":{"cleabs":"BATIMENT0000000299256483","nature":"Indifférenciée","usage_1":"Sportif","usage_2":null,"nombre_d_etages":null,"nombre_de_logements":null,"altitude_minimale_sol":431.6,"altitude_maximale_toit":440,"hauteur":7.9,"hauteur_estimee":false,"h_gouttiere":7.9,"h_faitage":8.4,"identifiants_rnb":"S7RNJVS1MKE4","date_d_apparition":null}},{"type":"Feature","id":12,"geometry":{"type":"MultiPolygon","coordinates":[[[[6.30992357,46.30430646],[6.30996285,46.30433235],[6.30992922,46.30435676],[6.30988859,46.30433001],[6.30992357,46.30430646]]]]},"properties":{"cleabs":"BATIMENT0000000299256556","nature":"Indifférenciée","usage_1":"Commercial et services","usage_2":null,"nombre_d_etages":null,"nombre_de_logements":null,"altitude_minimale_sol":430.9,"altitude_maximale_toit":null,"hauteur":null,"hauteur_estimee":true,"h_gouttiere":3,"h_faitage":3,"identifiants_rnb":"41Q5NBBCF8SK","date_d_apparition":null}},{"type":"Feature","id":13,"geometry":{"type":"MultiPolygon","coordinates":[[[[6.30786993,46.30430214],[6.30809979,46.30423238],[6.30820597,46.30439693],[6.30815729,46.30440916],[6.30814398,46.30438251],[6.30804051,46.30441345],[6.30803224,46.30442721],[6.30795153,46.30440432],[6.30795986,46.30439146],[6.30792635,46.30433205],[6.30789163,46.30433847],[6.30786993,46.30430214]]]]},"properties":{"cleabs":"BATIMENT0000000299256590","nature":"Indifférenciée","usage_1":"Commercial et services","usage_2":null,"nombre_d_etages":null,"nombre_de_logements":null,"altitude_minimale_sol":429.4,"altitude_maximale_toit":439.4,"hauteur":5.5,"hauteur_estimee":false,"h_gouttiere":5.5,"h_faitage":10,"identifiants_rnb":"S8DC6VABCDK3","date_d_apparition":null}},{"type":"Feature","id":14,"geometry":{"type":"MultiPolygon","coordinates":[[[[6.3079981,46.30467966],[6.30800698,46.30471905],[6.3077682,46.30479178],[6.30766282,46.3046191],[6.30774855,46.30459588],[6.30772368,46.30463626],[6.30772254,46.30463899],[6.30776449,46.30470897],[6.30784141,46.30473378],[6.30795386,46.30470077],[6.30797505,46.3046641],[6.30798965,46.30466909],[6.30799415,46.30467887],[6.3079981,46.30467966]]]]},"properties":{"cleabs":"BATIMENT0000002479320413","nature":"Indifférenciée","usage_1":"Commercial et services","usage_2":null,"nombre_d_etages":null,"nombre_de_logements":null,"altitude_minimale_sol":430.8,"altitude_maximale_toit":null,"hauteur":4.7,"hauteur_estimee":false,"h_gouttiere":4.7,"h_faitage":4.7,"identifiants_rnb":null,"date_d_apparition":null}},{"type":"Feature","id":15,"geometry":{"type":"MultiPolygon","coordinates":[[[[6.30778662,46.29883929],[6.30758358,46.29866404],[6.30763765,46.29863362],[6.30759654,46.29859877],[6.30769846,46.29854263],[6.30794133,46.29875278],[6.30778662,46.29883929]]]]},"properties":{"cleabs":"BATIMENT0000000299255707","nature":"Industriel, agricole ou commercial","usage_1":"Industriel","usage_2":"Commercial et services","nombre_d_etages":1,"nombre_de_logements":0,"altitude_minimale_sol":441,"altitude_maximale_toit":448.1,"hauteur":6.1,"hauteur_estimee":false,"h_gouttiere":6.1,"h_faitage":7.1,"identifiants_rnb":"Y8A7H8ZXDA8P","date_d_apparition":"2009-01-01Z"}},{"type":"Feature","id":16,"geometry":{"type":"MultiPolygon","coordinates":[[[[6.3083552,46.30351025],[6.30831133,46.3034944],[6.30832825,46.30347318],[6.30837088,46.30348997],[6.3083552,46.30351025]]]]},"properties":{"cleabs":"BATIMENT0000000299256327","nature":"Indifférenciée","usage_1":"Indifférencié","usage_2":null,"nombre_d_etages":null,"nombre_de_logements":null,"altitude_minimale_sol":430.5,"altitude_maximale_toit":440,"hauteur":6,"hauteur_estimee":false,"h_gouttiere":6,"h_faitage":9.5,"identifiants_rnb":"6KN3BJSF8GPE","date_d_apparition":null}},{"type":"Feature","id":17,"geometry":{"type":"MultiPolygon","coordinates":[[[[6.30925667,46.30003311],[6.30910313,46.30018178],[6.30877719,46.3000173],[6.30889047,46.29991217],[6.30893507,46.29987572],[6.30925667,46.30003311]]]]},"properties":{"cleabs":"BATIMENT0000000331227422","nature":"Industriel, agricole ou commercial","usage_1":"Commercial et services","usage_2":null,"nombre_d_etages":1,"nombre_de_logements":0,"altitude_minimale_sol":437.3,"altitude_maximale_toit":444.8,"hauteur":7.4,"hauteur_estimee":false,"h_gouttiere":7.4,"h_faitage":7.5,"identifiants_rnb":"NKWZMAX4K6SM","date_d_apparition":"2011-01-01Z"}},{"type":"Feature","id":18,"geometry":{"type":"MultiPolygon","coordinates":[[[[6.30729506,46.3039998],[6.3073827,46.3040297],[6.30735302,46.30407652],[6.30736497,46.30408068],[6.30732772,46.30413133],[6.30722818,46.30409817],[6.30729506,46.3039998]]]]},"properties":{"cleabs":"BATIMENT0000000299256075","nature":"Indifférenciée","usage_1":"Résidentiel","usage_2":null,"nombre_d_etages":1,"nombre_de_logements":1,"altitude_minimale_sol":431.3,"altitude_maximale_toit":439.4,"hauteur":5,"hauteur_estimee":false,"h_gouttiere":5,"h_faitage":8.1,"identifiants_rnb":"KCDFYVEYGHGC","date_d_apparition":"1956-01-01Z"}},{"type":"Feature","id":19,"geometry":{"type":"MultiPolygon","coordinates":[[[[6.30670554,46.30450901],[6.30691857,46.30456951],[6.30697636,46.3044714],[6.30675949,46.30441191],[6.30670554,46.30450901]]]]},"properties":{"cleabs":"BATIMENT0000000299256078","nature":"Indifférenciée","usage_1":"Résidentiel","usage_2":"Commercial et services","nombre_d_etages":3,"nombre_de_logements":8,"altitude_minimale_sol":429.1,"altitude_maximale_toit":442.7,"hauteur":12.4,"hauteur_estimee":false,"h_gouttiere":12.4,"h_faitage":13.6,"identifiants_rnb":"BHA15FDJSJDT","date_d_apparition":"1974-01-01Z"}},{"type":"Feature","id":20,"geometry":{"type":"MultiPolygon","coordinates":[[[[6.30392799,46.30145504],[6.30400442,46.30147175],[6.30395031,46.30158778],[6.30390547,46.30157736],[6.30387382,46.30157017],[6.30392799,46.30145504]]]]},"properties":{"cleabs":"BATIMENT0000000299256392","nature":"Indifférenciée","usage_1":"Résidentiel","usage_2":"Annexe","nombre_d_etages":1,"nombre_de_logements":1,"altitude_minimale_sol":431.5,"altitude_maximale_toit":439.1,"hauteur":4.6,"hauteur_estimee":false,"h_gouttiere":4.6,"h_faitage":7.6,"identifiants_rnb":"5FCDGG21VAPM","date_d_apparition":"1939-01-01Z"}},{"type":"Feature","id":21,"geometry":{"type":"MultiPolygon","coordinates":[[[[6.30428252,46.30142582],[6.30435895,46.30144253],[6.30443192,46.30127278],[6.30437264,46.30126008],[6.30429485,46.30124251],[6.30425361,46.30133473],[6.30426741,46.30134785],[6.3042964,46.30135422],[6.30426408,46.30142185],[6.30428252,46.30142582]]]]},"properties":{"cleabs":"BATIMENT0000000299256395","nature":"Indifférenciée","usage_1":"Indifférencié","usage_2":null,"nombre_d_etages":null,"nombre_de_logements":null,"altitude_minimale_sol":431.9,"altitude_maximale_toit":null,"hauteur":4.5,"hauteur_estimee":false,"h_gouttiere":4.5,"h_faitage":4.5,"identifiants_rnb":"GMC7Y859CT58","date_d_apparition":null}},{"type":"Feature","id":22,"geometry":{"type":"MultiPolygon","coordinates":[[[[6.3048672,46.3005139],[6.3049012,46.30045253],[6.30493284,46.30045972],[6.30489754,46.30052113],[6.3048672,46.3005139]]]]},"properties":{"cleabs":"BATIMENT0000000299256400","nature":"Indifférenciée","usage_1":"Indifférencié","usage_2":null,"nombre_d_etages":null,"nombre_de_logements":null,"altitude_minimale_sol":431.2,"altitude_maximale_toit":437.1,"hauteur":4.7,"hauteur_estimee":false,"h_gouttiere":4.7,"h_faitage":5.9,"identifiants_rnb":"AZJP5EH9H5P4","date_d_apparition":null}},{"type":"Feature","id":23,"geometry":{"type":"MultiPolygon","coordinates":[[[[6.30726153,46.30355284],[6.30723491,46.3035428],[6.3072746,46.30348937],[6.30730251,46.30349938],[6.30726153,46.30355284]]]]},"properties":{"cleabs":"BATIMENT0000000299256406","nature":"Indifférenciée","usage_1":"Annexe","usage_2":null,"nombre_d_etages":1,"nombre_de_logements":0,"altitude_minimale_sol":432.2,"altitude_maximale_toit":null,"hauteur":2.2,"hauteur_estimee":false,"h_gouttiere":2.2,"h_faitage":2.2,"identifiants_rnb":"DABNNE45E8DK","date_d_apparition":null}},{"type":"Feature","id":24,"geometry":{"type":"MultiPolygon","coordinates":[[[[6.30488404,46.30361196],[6.30470959,46.30356565],[6.30459464,46.30353564],[6.30462524,46.30348248],[6.30474295,46.30351511],[6.30491221,46.30356157],[6.30488404,46.30361196]]]]},"properties":{"cleabs":"BATIMENT0000000299256407","nature":"Indifférenciée","usage_1":"Indifférencié","usage_2":null,"nombre_d_etages":null,"nombre_de_logements":null,"altitude_minimale_sol":430.1,"altitude_maximale_toit":437.3,"hauteur":4.2,"hauteur_estimee":false,"h_gouttiere":4.2,"h_faitage":7.2,"identifiants_rnb":"1NWEPTHTKKMB","date_d_apparition":null}},{"type":"Feature","id":25,"geometry":{"type":"MultiPolygon","coordinates":[[[[6.30488404,46.30361196],[6.30470959,46.30356565],[6.30459464,46.30353564],[6.30454993,46.30361354],[6.30465834,46.30364284],[6.30483815,46.3036917],[6.30488404,46.30361196]]]]},"properties":{"cleabs":"BATIMENT0000000299256408","nature":"Indifférenciée","usage_1":"Indifférencié","usage_2":null,"nombre_d_etages":null,"nombre_de_logements":null,"altitude_minimale_sol":430.3,"altitude_maximale_toit":439.7,"hauteur":8.1,"hauteur_estimee":false,"h_gouttiere":8.1,"h_faitage":9.4,"identifiants_rnb":"41EHAS6WEYDM","date_d_apparition":null}},{"type":"Feature","id":26,"geometry":{"type":"MultiPolygon","coordinates":[[[[6.30722958,46.30268044],[6.30730314,46.3026711],[6.30730341,46.30267559],[6.30730337,46.30269632],[6.30730954,46.30271237],[6.30732209,46.30272642],[6.30733562,46.30273504],[6.30734898,46.30274096],[6.30736748,46.30274583],[6.30736705,46.30276027],[6.30738209,46.30277245],[6.3073305,46.30280098],[6.30732309,46.30280751],[6.30732104,46.30281658],[6.30732808,46.30282539],[6.30733749,46.30283052],[6.30735566,46.30283],[6.30738962,46.30281098],[6.30741841,46.30283538],[6.30742468,46.3028316],[6.30744248,46.3028464],[6.30745757,46.30283785],[6.30751633,46.30288481],[6.30752763,46.30287818],[6.30757962,46.30292083],[6.30761856,46.30289807],[6.30761169,46.30289196],[6.30763374,46.30284805],[6.3076392,46.30283077],[6.30763795,46.30281008],[6.30763069,46.30279767],[6.30760721,46.30277492],[6.30757047,46.30274805],[6.3075755,46.3027452],[6.30751669,46.30269734],[6.30748007,46.3026939],[6.30748299,46.30267759],[6.30747693,46.30266334],[6.30746183,46.30265026],[6.30746675,46.30264561],[6.3074615,46.30262324],[6.30747312,46.302622],[6.30749201,46.30263316],[6.30749703,46.30263031],[6.30750947,46.30262094],[6.30752158,46.30260617],[6.30752709,46.30258979],[6.3075259,46.30256999],[6.30751567,46.30255136],[6.30750052,46.30253738],[6.30748039,46.30252715],[6.30746449,46.30252221],[6.30745243,46.30253788],[6.30743945,46.30253826],[6.30743295,46.30251681],[6.30734728,46.3025193],[6.30728908,46.3025246],[6.30722613,46.30253724],[6.307231,46.30255332],[6.30719871,46.30255696],[6.30719714,46.3025525],[6.30715264,46.30259075],[6.30710252,46.30264358],[6.30701993,46.30265409],[6.30703699,46.30272119],[6.30723446,46.30269652],[6.30722958,46.30268044]]]]},"properties":{"cleabs":"BATIMENT0000000299256409","nature":"Indifférenciée","usage_1":"Commercial et services","usage_2":null,"nombre_d_etages":1,"nombre_de_logements":0,"altitude_minimale_sol":432.4,"altitude_maximale_toit":440.9,"hauteur":4,"hauteur_estimee":false,"h_gouttiere":4,"h_faitage":8.5,"identifiants_rnb":"KNSSJK84C5VK","date_d_apparition":null}},{"type":"Feature","id":27,"geometry":{"type":"MultiPolygon","coordinates":[[[[6.30669171,46.30311876],[6.30674236,46.30303167],[6.30683812,46.30291623],[6.30686477,46.30288391],[6.30697679,46.30288696],[6.30707168,46.30292927],[6.30709445,46.30294033],[6.30709754,46.30294835],[6.30709338,46.30296559],[6.30698588,46.30320935],[6.30696208,46.30320283],[6.30692683,46.30326514],[6.30690119,46.30324967],[6.30688766,46.30324105],[6.30686036,46.30326257],[6.30679481,46.30329692],[6.30674262,46.30331556],[6.30671621,46.30326585],[6.30670434,46.3031986],[6.3067133,46.30313165],[6.30669171,46.30311876]]]]},"properties":{"cleabs":"BATIMENT0000000299256410","nature":"Indifférenciée","usage_1":"Sportif","usage_2":null,"nombre_d_etages":null,"nombre_de_logements":null,"altitude_minimale_sol":430.3,"altitude_maximale_toit":439.1,"hauteur":7.5,"hauteur_estimee":false,"h_gouttiere":7.5,"h_faitage":8.8,"identifiants_rnb":"74S49ARQV3VB","date_d_apparition":null}},{"type":"Feature","id":28,"geometry":{"type":"MultiPolygon","coordinates":[[[[6.30643271,46.30369588],[6.30640425,46.30367688],[6.30631232,46.30374804],[6.30632715,46.30375662],[6.30630357,46.30377533],[6.30636184,46.3038142],[6.30638759,46.30383148],[6.30643361,46.30379679],[6.30641338,46.30378476],[6.30643079,46.30377164],[6.30644296,46.3037794],[6.30649639,46.30373819],[6.30643271,46.30369588]]]]},"properties":{"cleabs":"BATIMENT0000000299256413","nature":"Indifférenciée","usage_1":"Indifférencié","usage_2":null,"nombre_d_etages":null,"nombre_de_logements":null,"altitude_minimale_sol":430,"altitude_maximale_toit":437.7,"hauteur":7.2,"hauteur_estimee":false,"h_gouttiere":7.2,"h_faitage":7.7,"identifiants_rnb":"5SQSJC3SDPAN","date_d_apparition":null}},{"type":"Feature","id":29,"geometry":{"type":"MultiPolygon","coordinates":[[[[6.30272341,46.30004796],[6.30288773,46.30007744],[6.30286076,46.30014762],[6.30274636,46.30012661],[6.3027395,46.30014213],[6.30268817,46.3001319],[6.30272341,46.30004796]]]]},"properties":{"cleabs":"BATIMENT0000000299256442","nature":"Indifférenciée","usage_1":"Résidentiel","usage_2":null,"nombre_d_etages":1,"nombre_de_logements":1,"altitude_minimale_sol":431.2,"altitude_maximale_toit":438.1,"hauteur":5.3,"hauteur_estimee":false,"h_gouttiere":5.3,"h_faitage":6.9,"identifiants_rnb":"KDVME8629R1K","date_d_apparition":"1985-01-01Z"}},{"type":"Feature","id":30,"geometry":{"type":"MultiPolygon","coordinates":[[[[6.3033868,46.30323812],[6.30336976,46.30323591],[6.30337619,46.30321319],[6.30339376,46.30318114],[6.30341311,46.30315714],[6.30342918,46.30316479],[6.30342664,46.30316576],[6.30341447,46.30317963],[6.30339669,46.30320809],[6.3033868,46.30323812]]]]},"properties":{"cleabs":"BATIMENT0000000299256489","nature":"Indifférenciée","usage_1":"Indifférencié","usage_2":null,"nombre_d_etages":null,"nombre_de_logements":null,"altitude_minimale_sol":429.3,"altitude_maximale_toit":436.2,"hauteur":6.3,"hauteur_estimee":false,"h_gouttiere":6.3,"h_faitage":6.9,"identifiants_rnb":"N1E35RFQ8714","date_d_apparition":null}},{"type":"Feature","id":31,"geometry":{"type":"MultiPolygon","coordinates":[[[[6.30655621,46.30356611],[6.30659191,46.30357589],[6.30655672,46.3036391],[6.30650781,46.30360447],[6.30655621,46.30356611]]]]},"properties":{"cleabs":"BATIMENT0000000299256553","nature":"Indifférenciée","usage_1":"Indifférencié","usage_2":null,"nombre_d_etages":null,"nombre_de_logements":null,"altitude_minimale_sol":430.9,"altitude_maximale_toit":434.4,"hauteur":2.9,"hauteur_estimee":false,"h_gouttiere":2.9,"h_faitage":3.5,"identifiants_rnb":"CPRZXFYFFBKH","date_d_apparition":null}},{"type":"Feature","id":32,"geometry":{"type":"MultiPolygon","coordinates":[[[[6.30711976,46.30385347],[6.30723006,46.30389263],[6.30721217,46.30391929],[6.30709937,46.30388201],[6.30711976,46.30385347]]]]},"properties":{"cleabs":"BATIMENT0000000299256554","nature":"Indifférenciée","usage_1":"Annexe","usage_2":null,"nombre_d_etages":1,"nombre_de_logements":0,"altitude_minimale_sol":431,"altitude_maximale_toit":434.3,"hauteur":1.8,"hauteur_estimee":false,"h_gouttiere":1.8,"h_faitage":3.3,"identifiants_rnb":"Y1TSBP7DT1P5","date_d_apparition":"1956-01-01Z"}},{"type":"Feature","id":33,"geometry":{"type":"MultiPolygon","coordinates":[[[[6.30684002,46.30230241],[6.30690083,46.30218979],[6.30694059,46.30220215],[6.30706124,46.30200398],[6.30702938,46.30199318],[6.30703635,46.30197946],[6.30691989,46.30194589],[6.30691762,46.30195137],[6.3065208,46.30184032],[6.30649236,46.30188621],[6.30629254,46.30182892],[6.30631741,46.30178854],[6.3062287,46.30176228],[6.30615199,46.30189159],[6.30617725,46.30190077],[6.30615244,46.30194204],[6.30612723,46.30193376],[6.30606765,46.30202382],[6.30616307,46.30205349],[6.30607961,46.30220012],[6.30612597,46.30221409],[6.30612008,46.30222418],[6.30622859,46.30225527],[6.30623324,46.30224613],[6.30628365,46.30226269],[6.30627754,46.30226917],[6.30648407,46.30232987],[6.30648629,46.3023235],[6.30653919,46.30233818],[6.30653432,46.30234373],[6.30664029,46.30237581],[6.30664381,46.30236939],[6.30666366,46.30237513],[6.30665118,46.30240523],[6.30676504,46.30243888],[6.30678056,46.30241589],[6.30684909,46.30243103],[6.30688944,46.30243166],[6.30692752,46.30241613],[6.3069419,46.30239589],[6.30694935,46.30236863],[6.30694118,46.30234093],[6.30692067,46.3023244],[6.30688345,46.30231106],[6.30684002,46.30230241]],[[6.30672187,46.30226258],[6.30617667,46.30210627],[6.30630403,46.30188987],[6.30684669,46.30204716],[6.30684069,46.30205544],[6.3068157,46.30205076],[6.30679385,46.302055],[6.30677006,46.30207011],[6.3067633,46.30208743],[6.30677083,46.30210434],[6.30679241,46.30211723],[6.30672187,46.30226258]]]]},"properties":{"cleabs":"BATIMENT0000000331227417","nature":"Indifférenciée","usage_1":"Commercial et services","usage_2":null,"nombre_d_etages":1,"nombre_de_logements":0,"altitude_minimale_sol":430.4,"altitude_maximale_toit":439.2,"hauteur":7.4,"hauteur_estimee":false,"h_gouttiere":7.4,"h_faitage":8.8,"identifiants_rnb":"BWZFZVTHZY58","date_d_apparition":"2012-01-01Z"}},{"type":"Feature","id":34,"geometry":{"type":"MultiPolygon","coordinates":[[[[6.30708245,46.30170955],[6.3070044,46.30168748],[6.30697536,46.30172347],[6.30684565,46.30168578],[6.30686808,46.30164818],[6.30682043,46.30163424],[6.30687064,46.30153995],[6.30717616,46.30162481],[6.30714637,46.30166984],[6.30711202,46.30166092],[6.30708245,46.30170955]]]]},"properties":{"cleabs":"BATIMENT0000002003342615","nature":"Indifférenciée","usage_1":"Résidentiel","usage_2":null,"nombre_d_etages":4,"nombre_de_logements":12,"altitude_minimale_sol":432.2,"altitude_maximale_toit":445.4,"hauteur":11.9,"hauteur_estimee":false,"h_gouttiere":11.9,"h_faitage":13.2,"identifiants_rnb":"XEKSX1C9W6E8","date_d_apparition":"2016-01-01Z"}},{"type":"Feature","id":35,"geometry":{"type":"MultiPolygon","coordinates":[[[[6.30732075,46.30027412],[6.30762348,46.29999044],[6.30761001,46.29998272],[6.30763466,46.29996037],[6.30754064,46.29991083],[6.30751723,46.29993224],[6.30750246,46.29992456],[6.307196,46.30021105],[6.30732075,46.30027412]]]]},"properties":{"cleabs":"BATIMENT0000002003342725","nature":"Industriel, agricole ou commercial","usage_1":"Commercial et services","usage_2":null,"nombre_d_etages":1,"nombre_de_logements":0,"altitude_minimale_sol":436.5,"altitude_maximale_toit":443.2,"hauteur":3.9,"hauteur_estimee":false,"h_gouttiere":3.9,"h_faitage":6.7,"identifiants_rnb":"473JFHH5W6WE","date_d_apparition":"2011-01-01Z"}},{"type":"Feature","id":36,"geometry":{"type":"MultiPolygon","coordinates":[[[[6.30491766,46.30016545],[6.3045875,46.3000813],[6.30459923,46.30006023],[6.30455168,46.30004809],[6.30459779,46.29997195],[6.30465329,46.29998656],[6.30464221,46.29999679],[6.304666,46.30000331],[6.30467325,46.29999409],[6.30485337,46.30004835],[6.30486083,46.30004272],[6.30492033,46.30005902],[6.30492531,46.30005527],[6.30501921,46.30008139],[6.30498213,46.30015637],[6.30492912,46.30013988],[6.30491766,46.30016545]]]]},"properties":{"cleabs":"BATIMENT0000002003342854","nature":"Indifférenciée","usage_1":"Indifférencié","usage_2":null,"nombre_d_etages":null,"nombre_de_logements":null,"altitude_minimale_sol":432.7,"altitude_maximale_toit":440.2,"hauteur":6.5,"hauteur_estimee":false,"h_gouttiere":6.5,"h_faitage":7.5,"identifiants_rnb":"A8Q2HYNPT65W","date_d_apparition":null}},{"type":"Feature","id":37,"geometry":{"type":"MultiPolygon","coordinates":[[[[6.30687461,46.3042941],[6.30693563,46.30431396],[6.30706111,46.30413096],[6.30700009,46.30411111],[6.30695462,46.30417642],[6.30688894,46.30427296],[6.30687461,46.3042941]]]]},"properties":{"cleabs":"BATIMENT0000002101494466","nature":"Indifférenciée","usage_1":"Indifférencié","usage_2":null,"nombre_d_etages":null,"nombre_de_logements":null,"altitude_minimale_sol":430.7,"altitude_maximale_toit":442.4,"hauteur":3.4,"hauteur_estimee":false,"h_gouttiere":3.4,"h_faitage":11.7,"identifiants_rnb":"4EA4DZGE2CE8","date_d_apparition":null}},{"type":"Feature","id":38,"geometry":{"type":"MultiPolygon","coordinates":[[[[6.30648295,46.30413964],[6.30659438,46.30417606],[6.306586,46.30418802],[6.30668024,46.30421953],[6.30668613,46.30420945],[6.30671929,46.3042202],[6.30671205,46.30422943],[6.30680628,46.30426094],[6.30681466,46.30424898],[6.30688894,46.30427296],[6.30695462,46.30417642],[6.30688035,46.30415244],[6.30689587,46.30412945],[6.30685075,46.30411454],[6.30684718,46.30412005],[6.30668002,46.30406542],[6.30668359,46.30405991],[6.30663848,46.304045],[6.30662166,46.30406802],[6.30654863,46.3040431],[6.30648295,46.30413964]]]]},"properties":{"cleabs":"BATIMENT0000002101494467","nature":"Indifférenciée","usage_1":"Indifférencié","usage_2":null,"nombre_d_etages":null,"nombre_de_logements":null,"altitude_minimale_sol":430.7,"altitude_maximale_toit":445.9,"hauteur":12.2,"hauteur_estimee":false,"h_gouttiere":12.2,"h_faitage":15.2,"identifiants_rnb":"EC42QJRF6JQ2","date_d_apparition":null}},{"type":"Feature","id":39,"geometry":{"type":"MultiPolygon","coordinates":[[[[6.30701293,46.30432343],[6.30713897,46.30436483],[6.30725002,46.30420118],[6.30712527,46.30415974],[6.30701293,46.30432343]]]]},"properties":{"cleabs":"BATIMENT0000002101494484","nature":"Indifférenciée","usage_1":"Indifférencié","usage_2":null,"nombre_d_etages":null,"nombre_de_logements":null,"altitude_minimale_sol":430.8,"altitude_maximale_toit":434.3,"hauteur":3.1,"hauteur_estimee":false,"h_gouttiere":3.1,"h_faitage":3.5,"identifiants_rnb":"WZ194DVQHHV9","date_d_apparition":null}},{"type":"Feature","id":40,"geometry":{"type":"MultiPolygon","coordinates":[[[[6.30329786,46.30301448],[6.30328251,46.30304016],[6.30316892,46.30301101],[6.30318443,46.30298803],[6.30313169,46.30297604],[6.30338789,46.30250265],[6.30365224,46.3025734],[6.30355498,46.30275016],[6.30352588,46.30274199],[6.30337208,46.30303756],[6.30329786,46.30301448]]]]},"properties":{"cleabs":"BATIMENT0000002244842810","nature":"Indifférenciée","usage_1":"Commercial et services","usage_2":null,"nombre_d_etages":null,"nombre_de_logements":null,"altitude_minimale_sol":431.3,"altitude_maximale_toit":null,"hauteur":8.7,"hauteur_estimee":false,"h_gouttiere":8.7,"h_faitage":8.7,"identifiants_rnb":"6KM3WE7758B5","date_d_apparition":null}},{"type":"Feature","id":41,"geometry":{"type":"MultiPolygon","coordinates":[[[[6.30469712,46.3032731],[6.30489261,46.3033233],[6.30485639,46.30339105],[6.30465965,46.30334178],[6.30469712,46.3032731]]]]},"properties":{"cleabs":"BATIMENT0000002479320316","nature":"Indifférenciée","usage_1":"Indifférencié","usage_2":null,"nombre_d_etages":null,"nombre_de_logements":null,"altitude_minimale_sol":430.9,"altitude_maximale_toit":null,"hauteur":2.9,"hauteur_estimee":false,"h_gouttiere":2.9,"h_faitage":2.9,"identifiants_rnb":null,"date_d_apparition":null}},{"type":"Feature","id":42,"geometry":{"type":"MultiPolygon","coordinates":[[[[6.30705325,46.3000007],[6.30713616,46.29997395],[6.30729693,46.3000522],[6.30717614,46.30016206],[6.30713859,46.30014332],[6.30709559,46.30012023],[6.30713382,46.30010741],[6.30705325,46.3000007]]]]},"properties":{"cleabs":"BATIMENT0000002479320363","nature":"Indifférenciée","usage_1":"Indifférencié","usage_2":null,"nombre_d_etages":null,"nombre_de_logements":null,"altitude_minimale_sol":437,"altitude_maximale_toit":null,"hauteur":5.6,"hauteur_estimee":false,"h_gouttiere":5.6,"h_faitage":5.6,"identifiants_rnb":null,"date_d_apparition":null}},{"type":"Feature","id":43,"geometry":{"type":"MultiPolygon","coordinates":[[[[6.30595682,46.29898527],[6.3057848,46.2990867],[6.30586552,46.29915285],[6.3058367,46.29917081],[6.30564659,46.2990159],[6.30567671,46.29899791],[6.30584872,46.29889648],[6.30595682,46.29898527]]]]},"properties":{"cleabs":"BATIMENT0000000299255699","nature":"Industriel, agricole ou commercial","usage_1":"Industriel","usage_2":null,"nombre_d_etages":null,"nombre_de_logements":null,"altitude_minimale_sol":438.8,"altitude_maximale_toit":null,"hauteur":6.6,"hauteur_estimee":false,"h_gouttiere":6.6,"h_faitage":6.6,"identifiants_rnb":"8S9CR4DZAGPC","date_d_apparition":null}},{"type":"Feature","id":44,"geometry":{"type":"MultiPolygon","coordinates":[[[[6.30584872,46.29889648],[6.30567671,46.29899791],[6.30564659,46.2990159],[6.30562772,46.29902637],[6.30561728,46.29902577],[6.30560674,46.29902337],[6.30559862,46.2990182],[6.30559153,46.29900849],[6.30559348,46.29899762],[6.30561235,46.29898716],[6.30543182,46.29884008],[6.30544188,46.29883438],[6.30545188,46.29882778],[6.30545929,46.29882126],[6.30546659,46.29881294],[6.30547259,46.29880465],[6.30547729,46.2987964],[6.30548064,46.29878729],[6.30548405,46.29877908],[6.30548475,46.29876915],[6.3054842,46.29876015],[6.30548106,46.29875123],[6.30547792,46.29874231],[6.30547354,46.29873433],[6.30546781,46.29872548],[6.30561727,46.29863822],[6.30568559,46.29869302],[6.30563536,46.29872242],[6.30584872,46.29889648]]]]},"properties":{"cleabs":"BATIMENT0000000299255700","nature":"Industriel, agricole ou commercial","usage_1":"Industriel","usage_2":"Commercial et services","nombre_d_etages":1,"nombre_de_logements":0,"altitude_minimale_sol":438.8,"altitude_maximale_toit":446.8,"hauteur":6.4,"hauteur_estimee":false,"h_gouttiere":6.4,"h_faitage":8,"identifiants_rnb":"NEM2CA8AX3CC","date_d_apparition":null}},{"type":"Feature","id":45,"geometry":{"type":"MultiPolygon","coordinates":[[[[6.30606661,46.2989947],[6.30601462,46.29895204],[6.30603598,46.29893971],[6.30608797,46.29898236],[6.30606661,46.2989947]]]]},"properties":{"cleabs":"BATIMENT0000000299255702","nature":"Indifférenciée","usage_1":"Indifférencié","usage_2":null,"nombre_d_etages":null,"nombre_de_logements":null,"altitude_minimale_sol":438.6,"altitude_maximale_toit":440.8,"hauteur":2,"hauteur_estimee":false,"h_gouttiere":2,"h_faitage":2.2,"identifiants_rnb":"YQ824H5H8Y9K","date_d_apparition":null}},{"type":"Feature","id":46,"geometry":{"type":"MultiPolygon","coordinates":[[[[6.3072269,46.29837788],[6.30632467,46.29887545],[6.30627787,46.29883264],[6.30634703,46.29879368],[6.3061949,46.29866471],[6.30705118,46.29822436],[6.3072269,46.29837788]]]]},"properties":{"cleabs":"BATIMENT0000000299255718","nature":"Industriel, agricole ou commercial","usage_1":"Industriel","usage_2":"Commercial et services","nombre_d_etages":1,"nombre_de_logements":0,"altitude_minimale_sol":441.2,"altitude_maximale_toit":450.5,"hauteur":8.4,"hauteur_estimee":false,"h_gouttiere":8.4,"h_faitage":9.3,"identifiants_rnb":"XSFB3V2J15YP","date_d_apparition":null}},{"type":"Feature","id":47,"geometry":{"type":"MultiPolygon","coordinates":[[[[6.30705118,46.29822436],[6.30707632,46.29821011],[6.3072508,46.29836457],[6.3072269,46.29837788],[6.30705118,46.29822436]]]]},"properties":{"cleabs":"BATIMENT0000000299255719","nature":"Industriel, agricole ou commercial","usage_1":"Industriel","usage_2":null,"nombre_d_etages":null,"nombre_de_logements":null,"altitude_minimale_sol":441.4,"altitude_maximale_toit":null,"hauteur":8.4,"hauteur_estimee":false,"h_gouttiere":8.4,"h_faitage":8.4,"identifiants_rnb":"G4GETMT1MQEJ","date_d_apparition":null}},{"type":"Feature","id":48,"geometry":{"type":"MultiPolygon","coordinates":[[[[6.30675736,46.29667641],[6.3067493,46.29667214],[6.30668471,46.29663616],[6.30670828,46.29661745],[6.30678098,46.2966586],[6.30675736,46.29667641]]]]},"properties":{"cleabs":"BATIMENT0000000299255734","nature":"Indifférenciée","usage_1":"Indifférencié","usage_2":null,"nombre_d_etages":1,"nombre_de_logements":0,"altitude_minimale_sol":443.4,"altitude_maximale_toit":446.8,"hauteur":3,"hauteur_estimee":false,"h_gouttiere":3,"h_faitage":3.4,"identifiants_rnb":"QZCTMAJ2YCF1","date_d_apparition":null}},{"type":"Feature","id":49,"geometry":{"type":"MultiPolygon","coordinates":[[[[6.3052129,46.30079047],[6.30529214,46.3008107],[6.30533306,46.3007347],[6.30525382,46.30071447],[6.3052129,46.30079047]]]]},"properties":{"cleabs":"BATIMENT0000000299256389","nature":"Indifférenciée","usage_1":"Annexe","usage_2":null,"nombre_d_etages":1,"nombre_de_logements":0,"altitude_minimale_sol":431.5,"altitude_maximale_toit":439.9,"hauteur":5.4,"hauteur_estimee":false,"h_gouttiere":5.4,"h_faitage":8.4,"identifiants_rnb":"9HKR5XPJ95W3","date_d_apparition":"1978-01-01Z"}},{"type":"Feature","id":50,"geometry":{"type":"MultiPolygon","coordinates":[[[[6.3046928,46.30044686],[6.3047258,46.30045491],[6.30470709,46.30048971],[6.3046767,46.30048158],[6.3046928,46.30044686]]]]},"properties":{"cleabs":"BATIMENT0000000299256398","nature":"Indifférenciée","usage_1":"Indifférencié","usage_2":null,"nombre_d_etages":null,"nombre_de_logements":null,"altitude_minimale_sol":432.7,"altitude_maximale_toit":439.5,"hauteur":3.9,"hauteur_estimee":false,"h_gouttiere":3.9,"h_faitage":6.8,"identifiants_rnb":"DSK4EJZW43RB","date_d_apparition":null}},{"type":"Feature","id":51,"geometry":{"type":"MultiPolygon","coordinates":[[[[6.3053638,46.29993079],[6.30531461,46.30002054],[6.3055049,46.30007089],[6.30554971,46.29999479],[6.30545987,46.29997126],[6.30545517,46.29997951],[6.30543272,46.29997385],[6.30544439,46.29995188],[6.3053638,46.29993079]]]]},"properties":{"cleabs":"BATIMENT0000000299256417","nature":"Indifférenciée","usage_1":"Résidentiel","usage_2":null,"nombre_d_etages":1,"nombre_de_logements":1,"altitude_minimale_sol":433.5,"altitude_maximale_toit":441,"hauteur":6,"hauteur_estimee":false,"h_gouttiere":6,"h_faitage":7.5,"identifiants_rnb":"15CAZZF2JY98","date_d_apparition":"1980-01-01Z"}},{"type":"Feature","id":52,"geometry":{"type":"MultiPolygon","coordinates":[[[[6.30457845,46.30023297],[6.30452171,46.3002193],[6.3045402,46.30018091],[6.30455409,46.30015257],[6.30461078,46.30016534],[6.30460143,46.30018274],[6.30466866,46.30019791],[6.30465942,46.30021711],[6.30465412,46.30021546],[6.30459218,46.30020193],[6.30457845,46.30023297]]]]},"properties":{"cleabs":"BATIMENT0000000299256448","nature":"Indifférenciée","usage_1":"Indifférencié","usage_2":null,"nombre_d_etages":null,"nombre_de_logements":null,"altitude_minimale_sol":432.8,"altitude_maximale_toit":null,"hauteur":3.1,"hauteur_estimee":false,"h_gouttiere":3.1,"h_faitage":3.1,"identifiants_rnb":"RPET58K46VJP","date_d_apparition":null}},{"type":"Feature","id":53,"geometry":{"type":"MultiPolygon","coordinates":[[[[6.30357784,46.29959778],[6.30358033,46.2995959],[6.30392826,46.2992208],[6.30400826,46.29925362],[6.30405895,46.29927469],[6.30374038,46.2996192],[6.30370864,46.29965347],[6.30357784,46.29959778]]]]},"properties":{"cleabs":"BATIMENT0000000299256451","nature":"Industriel, agricole ou commercial","usage_1":"Industriel","usage_2":null,"nombre_d_etages":null,"nombre_de_logements":null,"altitude_minimale_sol":434.2,"altitude_maximale_toit":442.2,"hauteur":5.2,"hauteur_estimee":false,"h_gouttiere":5.2,"h_faitage":8,"identifiants_rnb":"Q82ER8AWG5H4","date_d_apparition":null}},{"type":"Feature","id":54,"geometry":{"type":"MultiPolygon","coordinates":[[[[6.30421983,46.29937637],[6.30415779,46.29936104],[6.30417979,46.29931624],[6.30424048,46.2993307],[6.30421983,46.29937637]]]]},"properties":{"cleabs":"BATIMENT0000000299256453","nature":"Industriel, agricole ou commercial","usage_1":"Industriel","usage_2":null,"nombre_d_etages":null,"nombre_de_logements":null,"altitude_minimale_sol":434.2,"altitude_maximale_toit":438.8,"hauteur":4.4,"hauteur_estimee":false,"h_gouttiere":4.4,"h_faitage":4.6,"identifiants_rnb":"ATNKB7V1KGW6","date_d_apparition":null}},{"type":"Feature","id":55,"geometry":{"type":"MultiPolygon","coordinates":[[[[6.30544719,46.29954623],[6.3055138,46.29948661],[6.30558539,46.29942325],[6.30563227,46.29938133],[6.30564168,46.29938647],[6.30601277,46.29958839],[6.30604743,46.29955944],[6.30611062,46.29959366],[6.30607731,46.29962347],[6.30614184,46.29965855],[6.30595676,46.29982344],[6.30557761,46.29961725],[6.30544719,46.29954623]]]]},"properties":{"cleabs":"BATIMENT0000000299256459","nature":"Industriel, agricole ou commercial","usage_1":"Commercial et services","usage_2":null,"nombre_d_etages":1,"nombre_de_logements":0,"altitude_minimale_sol":436.5,"altitude_maximale_toit":null,"hauteur":3.5,"hauteur_estimee":false,"h_gouttiere":3.5,"h_faitage":3.5,"identifiants_rnb":"2MW9T2JP5FJH","date_d_apparition":"2004-01-01Z"}},{"type":"Feature","id":56,"geometry":{"type":"MultiPolygon","coordinates":[[[[6.30707571,46.29940431],[6.30690721,46.29949933],[6.30650962,46.29916028],[6.30667812,46.29906526],[6.30707571,46.29940431]]]]},"properties":{"cleabs":"BATIMENT0000000299256522","nature":"Industriel, agricole ou commercial","usage_1":"Industriel","usage_2":"Commercial et services","nombre_d_etages":1,"nombre_de_logements":0,"altitude_minimale_sol":437.2,"altitude_maximale_toit":447,"hauteur":8.9,"hauteur_estimee":false,"h_gouttiere":8.9,"h_faitage":9.8,"identifiants_rnb":"HWSJR8S99PXP","date_d_apparition":"2009-01-01Z"}},{"type":"Feature","id":57,"geometry":{"type":"MultiPolygon","coordinates":[[[[6.3052267,46.29979237],[6.30527408,46.29980181],[6.3052556,46.2998402],[6.30520811,46.29982896],[6.3052267,46.29979237]]]]},"properties":{"cleabs":"BATIMENT0000000299256533","nature":"Indifférenciée","usage_1":"Annexe","usage_2":null,"nombre_d_etages":1,"nombre_de_logements":0,"altitude_minimale_sol":433.9,"altitude_maximale_toit":437.3,"hauteur":2.4,"hauteur_estimee":false,"h_gouttiere":2.4,"h_faitage":3.4,"identifiants_rnb":"BVFSF18J15AE","date_d_apparition":"1966-01-01Z"}},{"type":"Feature","id":58,"geometry":{"type":"MultiPolygon","coordinates":[[[[6.30716004,46.29991738],[6.30722287,46.29985968],[6.30708076,46.299789],[6.30702183,46.29984659],[6.30716004,46.29991738]]]]},"properties":{"cleabs":"BATIMENT0000002003342561","nature":"Indifférenciée","usage_1":"Commercial et services","usage_2":null,"nombre_d_etages":1,"nombre_de_logements":0,"altitude_minimale_sol":437.4,"altitude_maximale_toit":445.1,"hauteur":6.8,"hauteur_estimee":false,"h_gouttiere":6.8,"h_faitage":7.7,"identifiants_rnb":"91S266FF35Z4","date_d_apparition":"2014-01-01Z"}},{"type":"Feature","id":59,"geometry":{"type":"MultiPolygon","coordinates":[[[[6.30681087,46.30151916],[6.30675427,46.30161543],[6.30666567,46.30159097],[6.3066608,46.30159652],[6.30662499,46.30158494],[6.30662856,46.30157943],[6.3065571,46.30155897],[6.30661246,46.30146363],[6.30681087,46.30151916]]]]},"properties":{"cleabs":"BATIMENT0000002003342611","nature":"Indifférenciée","usage_1":"Résidentiel","usage_2":null,"nombre_d_etages":4,"nombre_de_logements":8,"altitude_minimale_sol":431.4,"altitude_maximale_toit":445.5,"hauteur":12.8,"hauteur_estimee":false,"h_gouttiere":12.8,"h_faitage":14.1,"identifiants_rnb":"RCYH41T49YKK","date_d_apparition":"2016-01-01Z"}},{"type":"Feature","id":60,"geometry":{"type":"MultiPolygon","coordinates":[[[[6.30612436,46.30143455],[6.30615285,46.30138956],[6.30627326,46.30142391],[6.30624602,46.30146796],[6.30612436,46.30143455]]]]},"properties":{"cleabs":"BATIMENT0000002003342669","nature":"Indifférenciée","usage_1":"Indifférencié","usage_2":null,"nombre_d_etages":null,"nombre_de_logements":null,"altitude_minimale_sol":430.8,"altitude_maximale_toit":434.6,"hauteur":3,"hauteur_estimee":false,"h_gouttiere":3,"h_faitage":3.8,"identifiants_rnb":"V1WBC3V6EJJP","date_d_apparition":null}},{"type":"Feature","id":61,"geometry":{"type":"MultiPolygon","coordinates":[[[[6.30420578,46.30090892],[6.3040791,46.30087835],[6.30415965,46.3007264],[6.30428243,46.30075709],[6.30420578,46.30090892]]]]},"properties":{"cleabs":"BATIMENT0000002003342703","nature":"Indifférenciée","usage_1":"Résidentiel","usage_2":null,"nombre_d_etages":2,"nombre_de_logements":1,"altitude_minimale_sol":431.5,"altitude_maximale_toit":438.6,"hauteur":3.7,"hauteur_estimee":false,"h_gouttiere":3.7,"h_faitage":7.1,"identifiants_rnb":"CN326NCGEW4V/QVSVCHQVVVK2","date_d_apparition":"2012-01-01Z"}},{"type":"Feature","id":62,"geometry":{"type":"MultiPolygon","coordinates":[[[[6.30307882,46.30027018],[6.30313009,46.30027951],[6.30313782,46.30025675],[6.3030879,46.30024829],[6.30307882,46.30027018]]]]},"properties":{"cleabs":"BATIMENT0000002101494490","nature":"Indifférenciée","usage_1":"Indifférencié","usage_2":null,"nombre_d_etages":null,"nombre_de_logements":null,"altitude_minimale_sol":431.8,"altitude_maximale_toit":435.6,"hauteur":3.3,"hauteur_estimee":false,"h_gouttiere":3.3,"h_faitage":3.8,"identifiants_rnb":"RMRKHMDY7CGZ","date_d_apparition":null}},{"type":"Feature","id":63,"geometry":{"type":"MultiPolygon","coordinates":[[[[6.30360139,46.30179618],[6.30361989,46.30180105],[6.30361162,46.30181481],[6.30366458,46.3018304],[6.3036728,46.30181574],[6.30369005,46.30182155],[6.30372189,46.30176745],[6.30363329,46.30174298],[6.30360139,46.30179618]]]]},"properties":{"cleabs":"BATIMENT0000002101494500","nature":"Indifférenciée","usage_1":"Résidentiel","usage_2":null,"nombre_d_etages":1,"nombre_de_logements":1,"altitude_minimale_sol":431.3,"altitude_maximale_toit":435.6,"hauteur":3.4,"hauteur_estimee":false,"h_gouttiere":3.4,"h_faitage":4.3,"identifiants_rnb":"SXP8FDC88XMD","date_d_apparition":"2015-01-01Z"}},{"type":"Feature","id":64,"geometry":{"type":"MultiPolygon","coordinates":[[[[6.30368017,46.30245452],[6.30354413,46.30241971],[6.30371496,46.30210472],[6.3038497,46.30213957],[6.30368017,46.30245452]]]]},"properties":{"cleabs":"BATIMENT0000002477763857","nature":"Indifférenciée","usage_1":"Indifférencié","usage_2":null,"nombre_d_etages":null,"nombre_de_logements":null,"altitude_minimale_sol":431.4,"altitude_maximale_toit":438.5,"hauteur":7.2,"hauteur_estimee":false,"h_gouttiere":7.2,"h_faitage":7.2,"identifiants_rnb":null,"date_d_apparition":null}},{"type":"Feature","id":65,"geometry":{"type":"MultiPolygon","coordinates":[[[[6.30484358,46.29952049],[6.30504821,46.29957133],[6.30503777,46.29959236],[6.30508526,46.2996036],[6.30507716,46.29962006],[6.30511827,46.29963329],[6.30507724,46.29970748],[6.30478548,46.29963483],[6.30484358,46.29952049]]]]},"properties":{"cleabs":"BATIMENT0000002479320391","nature":"Indifférenciée","usage_1":"Indifférencié","usage_2":null,"nombre_d_etages":null,"nombre_de_logements":null,"altitude_minimale_sol":434.8,"altitude_maximale_toit":null,"hauteur":6.4,"hauteur_estimee":false,"h_gouttiere":6.4,"h_faitage":6.4,"identifiants_rnb":null,"date_d_apparition":null}},{"type":"Feature","id":66,"geometry":{"type":"MultiPolygon","coordinates":[[[[6.30675949,46.30441191],[6.30654133,46.30435245],[6.30648716,46.30444595],[6.30670554,46.30450901],[6.30675949,46.30441191]]]]},"properties":{"cleabs":"BATIMENT0000000299256077","nature":"Indifférenciée","usage_1":"Résidentiel","usage_2":"Annexe","nombre_d_etages":3,"nombre_de_logements":9,"altitude_minimale_sol":429.1,"altitude_maximale_toit":442.6,"hauteur":12.4,"hauteur_estimee":false,"h_gouttiere":12.4,"h_faitage":13.5,"identifiants_rnb":"MTC525DAYX9S","date_d_apparition":"1974-01-01Z"}},{"type":"Feature","id":67,"geometry":{"type":"MultiPolygon","coordinates":[[[[6.30849924,46.30335466],[6.3086117,46.30338654],[6.30865495,46.30330597],[6.30853204,46.30327349],[6.30854399,46.30325602],[6.30842747,46.30322155],[6.3084019,46.30327186],[6.30837404,46.30326276],[6.30834848,46.30331307],[6.30846224,46.30334492],[6.30848581,46.30330458],[6.30852021,46.30331439],[6.30849924,46.30335466]]]]},"properties":{"cleabs":"BATIMENT0000000299256382","nature":"Indifférenciée","usage_1":"Résidentiel","usage_2":"Annexe","nombre_d_etages":3,"nombre_de_logements":6,"altitude_minimale_sol":430.6,"altitude_maximale_toit":440.6,"hauteur":8.8,"hauteur_estimee":false,"h_gouttiere":8.8,"h_faitage":10,"identifiants_rnb":"SZV6Q1QD3RCH","date_d_apparition":"1992-01-01Z"}},{"type":"Feature","id":68,"geometry":{"type":"MultiPolygon","coordinates":[[[[6.3107144,46.30016288],[6.31074463,46.30014667],[6.31075095,46.30014379],[6.31080543,46.30018456],[6.31079538,46.30019026],[6.31076764,46.30020459],[6.31071992,46.30016812],[6.3107144,46.30016288]]]]},"properties":{"cleabs":"BATIMENT0000000299256427","nature":"Indifférenciée","usage_1":"Indifférencié","usage_2":null,"nombre_d_etages":null,"nombre_de_logements":null,"altitude_minimale_sol":439.8,"altitude_maximale_toit":444,"hauteur":4,"hauteur_estimee":false,"h_gouttiere":4,"h_faitage":4.2,"identifiants_rnb":"VZJ7FZH7N714","date_d_apparition":null}},{"type":"Feature","id":69,"geometry":{"type":"MultiPolygon","coordinates":[[[[6.30408561,46.30113682],[6.30396007,46.30110352],[6.30403926,46.30095071],[6.30416859,46.3009821],[6.30408561,46.30113682]]]]},"properties":{"cleabs":"BATIMENT0000002003342704","nature":"Indifférenciée","usage_1":"Résidentiel","usage_2":null,"nombre_d_etages":2,"nombre_de_logements":1,"altitude_minimale_sol":431.4,"altitude_maximale_toit":438.6,"hauteur":3.7,"hauteur_estimee":false,"h_gouttiere":3.7,"h_faitage":7.2,"identifiants_rnb":"452MPGS2Z9HS/7RZGDA86YV4G","date_d_apparition":"2013-01-01Z"}},{"type":"Feature","id":70,"geometry":{"type":"MultiPolygon","coordinates":[[[[6.30999296,46.30020999],[6.31002391,46.30022711],[6.31000298,46.30024665],[6.31006087,46.30027921],[6.31008314,46.30026054],[6.31011409,46.30027767],[6.31017962,46.30022168],[6.31005849,46.30015401],[6.30999296,46.30020999]]]]},"properties":{"cleabs":"BATIMENT0000002215769796","nature":"Indifférenciée","usage_1":"Indifférencié","usage_2":null,"nombre_d_etages":null,"nombre_de_logements":null,"altitude_minimale_sol":439.6,"altitude_maximale_toit":447.7,"hauteur":6.3,"hauteur_estimee":false,"h_gouttiere":6.3,"h_faitage":8.1,"identifiants_rnb":"5XJ59B44QABD","date_d_apparition":null}},{"type":"Feature","id":71,"geometry":{"type":"MultiPolygon","coordinates":[[[[6.305111,46.2999219],[6.305193,46.29994476],[6.30519073,46.29995023],[6.30522773,46.29995997],[6.30518703,46.30003956],[6.30514878,46.30003076],[6.30513814,46.30004819],[6.3049902,46.30001013],[6.30502317,46.29995329],[6.30508787,46.29996944],[6.305111,46.2999219]]]]},"properties":{"cleabs":"BATIMENT0000002479320423","nature":"Indifférenciée","usage_1":"Indifférencié","usage_2":null,"nombre_d_etages":null,"nombre_de_logements":null,"altitude_minimale_sol":432.2,"altitude_maximale_toit":null,"hauteur":7.5,"hauteur_estimee":false,"h_gouttiere":7.5,"h_faitage":7.5,"identifiants_rnb":null,"date_d_apparition":null}},{"type":"Feature","id":72,"geometry":{"type":"MultiPolygon","coordinates":[[[[6.30514858,46.2981336],[6.30525946,46.29816103],[6.30521032,46.29825168],[6.30510999,46.29822665],[6.30510648,46.29823306],[6.30509458,46.2982298],[6.30514858,46.2981336]]]]},"properties":{"cleabs":"BATIMENT0000000299255695","nature":"Indifférenciée","usage_1":"Résidentiel","usage_2":"Annexe","nombre_d_etages":2,"nombre_de_logements":2,"altitude_minimale_sol":438.6,"altitude_maximale_toit":447.8,"hauteur":8.4,"hauteur_estimee":false,"h_gouttiere":8.4,"h_faitage":9.2,"identifiants_rnb":"24B7JN72DJYC","date_d_apparition":"1930-01-01Z"}},{"type":"Feature","id":73,"geometry":{"type":"MultiPolygon","coordinates":[[[[6.30457845,46.30023297],[6.30459218,46.30020193],[6.30465412,46.30021546],[6.30465942,46.30021711],[6.30464439,46.30024818],[6.30457845,46.30023297]]]]},"properties":{"cleabs":"BATIMENT0000000299256447","nature":"Indifférenciée","usage_1":"Indifférencié","usage_2":null,"nombre_d_etages":null,"nombre_de_logements":null,"altitude_minimale_sol":432.8,"altitude_maximale_toit":null,"hauteur":3.1,"hauteur_estimee":false,"h_gouttiere":3.1,"h_faitage":3.1,"identifiants_rnb":"DQACESV11Y9C","date_d_apparition":null}},{"type":"Feature","id":74,"geometry":{"type":"MultiPolygon","coordinates":[[[[6.30712447,46.29713531],[6.30727057,46.29705716],[6.3073957,46.29716979],[6.3072496,46.29724793],[6.3072839,46.29727758],[6.30692874,46.29746815],[6.30691917,46.29746032],[6.30687634,46.29748319],[6.30685156,46.29746048],[6.30684659,46.29746423],[6.30681507,46.29748047],[6.30683157,46.29749531],[6.30661429,46.29760076],[6.3062231,46.29725972],[6.30686738,46.29690484],[6.30712447,46.29713531]]]]},"properties":{"cleabs":"BATIMENT0000000299255722","nature":"Industriel, agricole ou commercial","usage_1":"Commercial et services","usage_2":null,"nombre_d_etages":1,"nombre_de_logements":0,"altitude_minimale_sol":442.6,"altitude_maximale_toit":449.4,"hauteur":6.5,"hauteur_estimee":false,"h_gouttiere":6.5,"h_faitage":6.8,"identifiants_rnb":"7Z6ZVJAPPEFX","date_d_apparition":null}},{"type":"Feature","id":75,"geometry":{"type":"MultiPolygon","coordinates":[[[[6.31021365,46.30400692],[6.31019299,46.30403095],[6.31007673,46.30397935],[6.3101474,46.30390069],[6.31025955,46.3039488],[6.31027663,46.30393028],[6.31027782,46.30392844],[6.31041805,46.30398926],[6.31041686,46.30399109],[6.31039242,46.30401704],[6.31039724,46.30403222],[6.31037652,46.30403373],[6.31034857,46.30406608],[6.31024167,46.30401872],[6.3102514,46.30400762],[6.31022468,46.30399578],[6.31021365,46.30400692]]]]},"properties":{"cleabs":"BATIMENT0000000299255943","nature":"Indifférenciée","usage_1":"Indifférencié","usage_2":"Résidentiel","nombre_d_etages":1,"nombre_de_logements":1,"altitude_minimale_sol":431.2,"altitude_maximale_toit":438.6,"hauteur":5.8,"hauteur_estimee":false,"h_gouttiere":5.8,"h_faitage":7.4,"identifiants_rnb":"TJBDMGJB17C4","date_d_apparition":"1998-01-01Z"}},{"type":"Feature","id":76,"geometry":{"type":"MultiPolygon","coordinates":[[[[6.30927892,46.30457034],[6.30945138,46.30462661],[6.30937305,46.30475056],[6.30919675,46.3046953],[6.30927892,46.30457034]]]]},"properties":{"cleabs":"BATIMENT0000000299255974","nature":"Indifférenciée","usage_1":"Commercial et services","usage_2":null,"nombre_d_etages":1,"nombre_de_logements":3,"altitude_minimale_sol":430.6,"altitude_maximale_toit":436.2,"hauteur":4.4,"hauteur_estimee":false,"h_gouttiere":4.4,"h_faitage":5.6,"identifiants_rnb":"NGYG5SVR7CPX","date_d_apparition":"1975-01-01Z"}},{"type":"Feature","id":77,"geometry":{"type":"MultiPolygon","coordinates":[[[[6.30805547,46.30448872],[6.30802585,46.30453645],[6.3080199,46.30454564],[6.30803949,46.3045685],[6.30822769,46.30462702],[6.3082445,46.304604],[6.30828951,46.30461711],[6.3082767,46.30464182],[6.30831111,46.30465164],[6.30827786,46.30470397],[6.30839568,46.3047384],[6.30843674,46.30475073],[6.30849371,46.304768],[6.30851302,46.30478637],[6.30844523,46.30489108],[6.3083926,46.30488089],[6.30830973,46.30486528],[6.30829929,46.30486468],[6.30828896,46.30486588],[6.3082525,46.30486514],[6.30822134,46.30486604],[6.30821745,46.30486615],[6.30823767,46.30483492],[6.30820185,46.30482335],[6.30824002,46.30476636],[6.30802661,46.30469956],[6.3080338,46.30468943],[6.30799415,46.30467887],[6.30798965,46.30466909],[6.30797505,46.3046641],[6.30795386,46.30470077],[6.30784141,46.30473378],[6.30776449,46.30470897],[6.30772254,46.30463899],[6.30772368,46.30463626],[6.30775806,46.30458118],[6.30777845,46.30457428],[6.30776119,46.30454684],[6.30779443,46.3044945],[6.30783803,46.30448423],[6.30784035,46.30447965],[6.30776348,46.30445575],[6.30772899,46.30450902],[6.30755669,46.30445545],[6.307545,46.30443416],[6.30755625,46.30442662],[6.30756755,46.30441998],[6.3075762,46.30441252],[6.3075835,46.3044042],[6.30758583,46.30439962],[6.30759075,46.30439497],[6.30759783,46.30438305],[6.30760259,46.3043757],[6.3076048,46.30436933],[6.30760956,46.30436198],[6.3076188,46.30434279],[6.30762329,46.30433094],[6.30762301,46.30432644],[6.30762274,46.30432194],[6.30762247,46.30431744],[6.30762214,46.30431205],[6.3076553,46.30430117],[6.30782613,46.30435209],[6.30779191,46.30440986],[6.30787003,46.30443283],[6.30787592,46.30442274],[6.30785838,46.3043908],[6.30789163,46.30433847],[6.30792635,46.30433205],[6.30795986,46.30439146],[6.30795153,46.30440432],[6.30803224,46.30442721],[6.30804051,46.30441345],[6.30814398,46.30438251],[6.30815729,46.30440916],[6.3081646,46.30442246],[6.30812768,46.30447851],[6.30810772,46.30447098],[6.30805661,46.30448599],[6.30805547,46.30448872]]]]},"properties":{"cleabs":"BATIMENT0000000299256088","nature":"Indifférenciée","usage_1":"Commercial et services","usage_2":null,"nombre_d_etages":null,"nombre_de_logements":null,"altitude_minimale_sol":429.4,"altitude_maximale_toit":439.2,"hauteur":6.1,"hauteur_estimee":false,"h_gouttiere":6.1,"h_faitage":9.8,"identifiants_rnb":"2NS933V98E6G","date_d_apparition":null}},{"type":"Feature","id":78,"geometry":{"type":"MultiPolygon","coordinates":[[[[6.30821745,46.30486615],[6.30822134,46.30486604],[6.3082525,46.30486514],[6.30828896,46.30486588],[6.30829929,46.30486468],[6.30829842,46.30487191],[6.30822609,46.30498757],[6.30815582,46.30496528],[6.30821745,46.30486615]]]]},"properties":{"cleabs":"BATIMENT0000000299256089","nature":"Indifférenciée","usage_1":"Commercial et services","usage_2":null,"nombre_d_etages":null,"nombre_de_logements":null,"altitude_minimale_sol":429.4,"altitude_maximale_toit":440,"hauteur":8.3,"hauteur_estimee":false,"h_gouttiere":8.3,"h_faitage":10.6,"identifiants_rnb":"PSXGBDH71F15","date_d_apparition":null}},{"type":"Feature","id":79,"geometry":{"type":"MultiPolygon","coordinates":[[[[6.30820216,46.30448446],[6.30818231,46.30447873],[6.30821777,46.30442002],[6.30823892,46.30442571],[6.30820216,46.30448446]]]]},"properties":{"cleabs":"BATIMENT0000000299256092","nature":"Indifférenciée","usage_1":"Commercial et services","usage_2":null,"nombre_d_etages":null,"nombre_de_logements":null,"altitude_minimale_sol":429.4,"altitude_maximale_toit":437.9,"hauteur":6.5,"hauteur_estimee":false,"h_gouttiere":6.5,"h_faitage":8.5,"identifiants_rnb":"TVH18CGW9S32","date_d_apparition":null}},{"type":"Feature","id":80,"geometry":{"type":"MultiPolygon","coordinates":[[[[6.30958668,46.3006517],[6.30969872,46.30071964],[6.30962675,46.30077671],[6.30951476,46.30070967],[6.30958668,46.3006517]]]]},"properties":{"cleabs":"BATIMENT0000000299256341","nature":"Indifférenciée","usage_1":"Résidentiel","usage_2":"Annexe","nombre_d_etages":1,"nombre_de_logements":1,"altitude_minimale_sol":437.1,"altitude_maximale_toit":443.5,"hauteur":4.4,"hauteur_estimee":false,"h_gouttiere":4.4,"h_faitage":6.4,"identifiants_rnb":"T3H2PN77P3TH","date_d_apparition":"1978-01-01Z"}},{"type":"Feature","id":81,"geometry":{"type":"MultiPolygon","coordinates":[[[[6.30859429,46.30223883],[6.30862192,46.30220108],[6.30864965,46.30216512],[6.30855109,46.30212653],[6.30849286,46.30219581],[6.30859429,46.30223883]]]]},"properties":{"cleabs":"BATIMENT0000000299256294","nature":"Indifférenciée","usage_1":"Indifférencié","usage_2":null,"nombre_d_etages":null,"nombre_de_logements":null,"altitude_minimale_sol":432.3,"altitude_maximale_toit":440.8,"hauteur":7.1,"hauteur_estimee":false,"h_gouttiere":7.1,"h_faitage":8.5,"identifiants_rnb":"PDBBFPHXJP1V","date_d_apparition":null}},{"type":"Feature","id":82,"geometry":{"type":"MultiPolygon","coordinates":[[[[6.30835396,46.30351119],[6.3083552,46.30351025],[6.30831133,46.3034944],[6.30832825,46.30347318],[6.30837088,46.30348997],[6.30842878,46.30341529],[6.30831691,46.30337167],[6.30825798,46.30345089],[6.30823142,46.30344175],[6.30821342,46.30346661],[6.30817606,46.30351546],[6.30824006,46.30354154],[6.30822443,46.30356272],[6.30829503,46.30359041],[6.30835396,46.30351119]]]]},"properties":{"cleabs":"BATIMENT0000000299256328","nature":"Indifférenciée","usage_1":"Résidentiel","usage_2":"Annexe","nombre_d_etages":3,"nombre_de_logements":6,"altitude_minimale_sol":430.5,"altitude_maximale_toit":440.4,"hauteur":8.8,"hauteur_estimee":false,"h_gouttiere":8.8,"h_faitage":9.9,"identifiants_rnb":"J5R7N2FJ6NMJ","date_d_apparition":"1992-01-01Z"}},{"type":"Feature","id":83,"geometry":{"type":"MultiPolygon","coordinates":[[[[6.30767745,46.30346325],[6.30772562,46.30339966],[6.30778822,46.30331673],[6.30781749,46.3033276],[6.30779576,46.30335527],[6.30784098,46.30337198],[6.30779751,46.30342732],[6.30775369,46.30341237],[6.30770536,46.30347325],[6.30767745,46.30346325]]]]},"properties":{"cleabs":"BATIMENT0000000299256331","nature":"Indifférenciée","usage_1":"Résidentiel","usage_2":null,"nombre_d_etages":1,"nombre_de_logements":1,"altitude_minimale_sol":433,"altitude_maximale_toit":null,"hauteur":2.6,"hauteur_estimee":false,"h_gouttiere":2.6,"h_faitage":2.6,"identifiants_rnb":"BKB4G2KT61ZT","date_d_apparition":"1977-01-01Z"}},{"type":"Feature","id":84,"geometry":{"type":"MultiPolygon","coordinates":[[[[6.30942739,46.30051213],[6.30932304,46.3006143],[6.30940495,46.30065698],[6.30951081,46.30055837],[6.30942739,46.30051213]]]]},"properties":{"cleabs":"BATIMENT0000000299256345","nature":"Indifférenciée","usage_1":"Résidentiel","usage_2":null,"nombre_d_etages":2,"nombre_de_logements":1,"altitude_minimale_sol":437.4,"altitude_maximale_toit":445.9,"hauteur":6.8,"hauteur_estimee":false,"h_gouttiere":6.8,"h_faitage":8.5,"identifiants_rnb":"SCR6HG7N89AM","date_d_apparition":"1975-01-01Z"}},{"type":"Feature","id":85,"geometry":{"type":"MultiPolygon","coordinates":[[[[6.30791507,46.30317786],[6.30805869,46.30323046],[6.30801528,46.3032867],[6.30787171,46.30323499],[6.30791507,46.30317786]]]]},"properties":{"cleabs":"BATIMENT0000000299256385","nature":"Indifférenciée","usage_1":"Indifférencié","usage_2":null,"nombre_d_etages":null,"nombre_de_logements":null,"altitude_minimale_sol":431.6,"altitude_maximale_toit":437.8,"hauteur":4.5,"hauteur_estimee":false,"h_gouttiere":4.5,"h_faitage":6.2,"identifiants_rnb":"BYJDP6Z3EVW5","date_d_apparition":null}},{"type":"Feature","id":86,"geometry":{"type":"MultiPolygon","coordinates":[[[[6.30440312,46.30083921],[6.30449421,46.3008618],[6.3044627,46.30092129],[6.30447855,46.30092534],[6.30446109,46.30095919],[6.30435556,46.30093432],[6.30440312,46.30083921]]]]},"properties":{"cleabs":"BATIMENT0000000299256393","nature":"Indifférenciée","usage_1":"Résidentiel","usage_2":"Annexe","nombre_d_etages":2,"nombre_de_logements":1,"altitude_minimale_sol":432,"altitude_maximale_toit":null,"hauteur":5.4,"hauteur_estimee":false,"h_gouttiere":5.4,"h_faitage":5.4,"identifiants_rnb":"VEHNAXB4QJNZ","date_d_apparition":"1956-01-01Z"}},{"type":"Feature","id":87,"geometry":{"type":"MultiPolygon","coordinates":[[[[6.30518458,46.30070927],[6.30506439,46.30067851],[6.30508548,46.30064005],[6.30511582,46.30064728],[6.30515144,46.30056964],[6.30524642,46.30059212],[6.30520437,46.30067085],[6.30518458,46.30070927]]]]},"properties":{"cleabs":"BATIMENT0000000299256394","nature":"Indifférenciée","usage_1":"Résidentiel","usage_2":null,"nombre_d_etages":2,"nombre_de_logements":1,"altitude_minimale_sol":431.3,"altitude_maximale_toit":438.5,"hauteur":5.2,"hauteur_estimee":false,"h_gouttiere":5.2,"h_faitage":7.2,"identifiants_rnb":"X73DGX6J979E","date_d_apparition":"1978-01-01Z"}},{"type":"Feature","id":88,"geometry":{"type":"MultiPolygon","coordinates":[[[[6.3049012,46.30045253],[6.3048672,46.3005139],[6.30482236,46.30050348],[6.30477887,46.30049393],[6.30477179,46.30050585],[6.30470709,46.30048971],[6.3047258,46.30045491],[6.3046928,46.30044686],[6.30470794,46.30041758],[6.30475408,46.30042796],[6.30475873,46.30041881],[6.3049012,46.30045253]]]]},"properties":{"cleabs":"BATIMENT0000000299256399","nature":"Indifférenciée","usage_1":"Résidentiel","usage_2":"Annexe","nombre_d_etages":2,"nombre_de_logements":1,"altitude_minimale_sol":432.7,"altitude_maximale_toit":439.9,"hauteur":3.8,"hauteur_estimee":false,"h_gouttiere":3.8,"h_faitage":7.2,"identifiants_rnb":"GFYC54KK8CWQ","date_d_apparition":"1990-01-01Z"}},{"type":"Feature","id":89,"geometry":{"type":"MultiPolygon","coordinates":[[[[6.30724157,46.30371745],[6.30717583,46.30381309],[6.30731389,46.30385955],[6.30737698,46.30376309],[6.30724157,46.30371745]]]]},"properties":{"cleabs":"BATIMENT0000000299256411","nature":"Indifférenciée","usage_1":"Résidentiel","usage_2":null,"nombre_d_etages":2,"nombre_de_logements":1,"altitude_minimale_sol":431.1,"altitude_maximale_toit":440.2,"hauteur":7.3,"hauteur_estimee":false,"h_gouttiere":7.3,"h_faitage":9.1,"identifiants_rnb":"5T13QKQ8TA7K","date_d_apparition":"1964-01-01Z"}},{"type":"Feature","id":90,"geometry":{"type":"MultiPolygon","coordinates":[[[[6.30518643,46.30022344],[6.3052567,46.30024573],[6.30524237,46.30026688],[6.30534174,46.30029734],[6.30535612,46.30027709],[6.30542774,46.30030025],[6.30537541,46.30038108],[6.30513405,46.30030337],[6.30518643,46.30022344]]]]},"properties":{"cleabs":"BATIMENT0000000299256418","nature":"Indifférenciée","usage_1":"Résidentiel","usage_2":"Annexe","nombre_d_etages":2,"nombre_de_logements":2,"altitude_minimale_sol":431.4,"altitude_maximale_toit":441,"hauteur":5.8,"hauteur_estimee":false,"h_gouttiere":5.8,"h_faitage":9.6,"identifiants_rnb":"9QDEFWBDSKK6","date_d_apparition":"1996-01-01Z"}},{"type":"Feature","id":91,"geometry":{"type":"MultiPolygon","coordinates":[[[[6.31011681,46.30004326],[6.31013654,46.30002556],[6.31018974,46.29998075],[6.31022808,46.29994809],[6.31013801,46.29989934],[6.31001424,46.30000298],[6.3100156,46.30000384],[6.3100057,46.30001224],[6.31003264,46.30002768],[6.31004384,46.30001924],[6.31010567,46.30005259],[6.31011681,46.30004326]]]]},"properties":{"cleabs":"BATIMENT0000000299256425","nature":"Indifférenciée","usage_1":"Résidentiel","usage_2":"Annexe","nombre_d_etages":1,"nombre_de_logements":2,"altitude_minimale_sol":440.6,"altitude_maximale_toit":449.2,"hauteur":7.5,"hauteur_estimee":false,"h_gouttiere":7.5,"h_faitage":8.6,"identifiants_rnb":"3N9ANT5B9J13","date_d_apparition":"1973-01-01Z"}},{"type":"Feature","id":92,"geometry":{"type":"MultiPolygon","coordinates":[[[[6.30445435,46.29923347],[6.30456913,46.29926078],[6.3045334,46.29933662],[6.30448332,46.29932546],[6.30447753,46.29933734],[6.30441025,46.29932127],[6.30445435,46.29923347]]]]},"properties":{"cleabs":"BATIMENT0000000299256443","nature":"Indifférenciée","usage_1":"Indifférencié","usage_2":null,"nombre_d_etages":null,"nombre_de_logements":null,"altitude_minimale_sol":434.4,"altitude_maximale_toit":444.7,"hauteur":6.6,"hauteur_estimee":false,"h_gouttiere":6.6,"h_faitage":10.3,"identifiants_rnb":"T3A66XV8XS5E","date_d_apparition":null}},{"type":"Feature","id":93,"geometry":{"type":"MultiPolygon","coordinates":[[[[6.30498053,46.29987161],[6.30497593,46.29988166],[6.30494283,46.29987181],[6.30494629,46.2998645],[6.30488144,46.29984565],[6.30493749,46.29974038],[6.30496129,46.2997469],[6.30495897,46.29975147],[6.3050342,46.29977001],[6.3050937,46.29978631],[6.30504127,46.29988697],[6.30498053,46.29987161]]]]},"properties":{"cleabs":"BATIMENT0000000299256446","nature":"Indifférenciée","usage_1":"Résidentiel","usage_2":null,"nombre_d_etages":2,"nombre_de_logements":1,"altitude_minimale_sol":431.9,"altitude_maximale_toit":442.6,"hauteur":8.5,"hauteur_estimee":false,"h_gouttiere":8.5,"h_faitage":10.7,"identifiants_rnb":"Y289HSZ7S3JW","date_d_apparition":"1966-01-01Z"}},{"type":"Feature","id":94,"geometry":{"type":"MultiPolygon","coordinates":[[[[6.30428046,46.29938993],[6.30421983,46.29937637],[6.30424048,46.2993307],[6.30430241,46.29934423],[6.30428046,46.29938993]]]]},"properties":{"cleabs":"BATIMENT0000000299256454","nature":"Industriel, agricole ou commercial","usage_1":"Industriel","usage_2":null,"nombre_d_etages":null,"nombre_de_logements":null,"altitude_minimale_sol":434.4,"altitude_maximale_toit":438.6,"hauteur":4,"hauteur_estimee":false,"h_gouttiere":4,"h_faitage":4.2,"identifiants_rnb":"1DCK1S3QHQPP","date_d_apparition":null}},{"type":"Feature","id":95,"geometry":{"type":"MultiPolygon","coordinates":[[[[6.3045756,46.29953998],[6.30418302,46.29945584],[6.30418421,46.29945401],[6.30421983,46.29937637],[6.30428046,46.29938993],[6.30433055,46.29940109],[6.30440963,46.29941862],[6.30461392,46.29946407],[6.3045756,46.29953998]]]]},"properties":{"cleabs":"BATIMENT0000000299256455","nature":"Industriel, agricole ou commercial","usage_1":"Industriel","usage_2":"Résidentiel","nombre_d_etages":2,"nombre_de_logements":3,"altitude_minimale_sol":434.2,"altitude_maximale_toit":441.1,"hauteur":4.2,"hauteur_estimee":false,"h_gouttiere":4.2,"h_faitage":6.9,"identifiants_rnb":"9ARG793AQDV4","date_d_apparition":"1930-01-01Z"}},{"type":"Feature","id":96,"geometry":{"type":"MultiPolygon","coordinates":[[[[6.30433055,46.29940109],[6.30435601,46.29934898],[6.30443379,46.29936655],[6.30440963,46.29941862],[6.30433055,46.29940109]]]]},"properties":{"cleabs":"BATIMENT0000000299256456","nature":"Industriel, agricole ou commercial","usage_1":"Industriel","usage_2":null,"nombre_d_etages":null,"nombre_de_logements":null,"altitude_minimale_sol":434.4,"altitude_maximale_toit":438.8,"hauteur":4.2,"hauteur_estimee":false,"h_gouttiere":4.2,"h_faitage":4.4,"identifiants_rnb":"GEDYJQH7RYJT","date_d_apparition":null}},{"type":"Feature","id":97,"geometry":{"type":"MultiPolygon","coordinates":[[[[6.30430241,46.29934423],[6.30430587,46.29933692],[6.30435601,46.29934898],[6.30433055,46.29940109],[6.30428046,46.29938993],[6.30430241,46.29934423]]]]},"properties":{"cleabs":"BATIMENT0000000299256457","nature":"Industriel, agricole ou commercial","usage_1":"Industriel","usage_2":null,"nombre_d_etages":null,"nombre_de_logements":null,"altitude_minimale_sol":434.5,"altitude_maximale_toit":438.7,"hauteur":3.9,"hauteur_estimee":false,"h_gouttiere":3.9,"h_faitage":4.2,"identifiants_rnb":"C9T4KCRNEXT5","date_d_apparition":null}},{"type":"Feature","id":98,"geometry":{"type":"MultiPolygon","coordinates":[[[[6.30541209,46.29956798],[6.30540538,46.29956457],[6.30557327,46.29941639],[6.30558539,46.29942325],[6.3055138,46.29948661],[6.30544719,46.29954623],[6.30557761,46.29961725],[6.30554922,46.29964241],[6.30541209,46.29956798]]]]},"properties":{"cleabs":"BATIMENT0000000299256458","nature":"Industriel, agricole ou commercial","usage_1":"Commercial et services","usage_2":null,"nombre_d_etages":null,"nombre_de_logements":null,"altitude_minimale_sol":436.5,"altitude_maximale_toit":null,"hauteur":2.6,"hauteur_estimee":false,"h_gouttiere":2.6,"h_faitage":2.6,"identifiants_rnb":"KHT2JP46AKJE","date_d_apparition":null}},{"type":"Feature","id":99,"geometry":{"type":"MultiPolygon","coordinates":[[[[6.30982521,46.30027435],[6.3097432,46.30022987],[6.30976661,46.30020846],[6.30984862,46.30025294],[6.30982521,46.30027435]]]]},"properties":{"cleabs":"BATIMENT0000000299256536","nature":"Indifférenciée","usage_1":"Indifférencié","usage_2":null,"nombre_d_etages":null,"nombre_de_logements":null,"altitude_minimale_sol":440,"altitude_maximale_toit":447.3,"hauteur":3.5,"hauteur_estimee":false,"h_gouttiere":3.5,"h_faitage":7.3,"identifiants_rnb":"221E74AGTKQJ","date_d_apparition":null}},{"type":"Feature","id":100,"geometry":{"type":"MultiPolygon","coordinates":[[[[6.30984521,46.30023952],[6.30987603,46.30021158],[6.30988815,46.30021844],[6.30985727,46.30024548],[6.30984521,46.30023952]]]]},"properties":{"cleabs":"BATIMENT0000000299256539","nature":"Indifférenciée","usage_1":"Indifférencié","usage_2":null,"nombre_d_etages":null,"nombre_de_logements":null,"altitude_minimale_sol":440.1,"altitude_maximale_toit":446.1,"hauteur":5.7,"hauteur_estimee":false,"h_gouttiere":5.7,"h_faitage":6,"identifiants_rnb":"SZ78R1ZJVNP3","date_d_apparition":null}},{"type":"Feature","id":101,"geometry":{"type":"MultiPolygon","coordinates":[[[[6.30953964,46.29944447],[6.30956976,46.29942647],[6.3096066,46.29945514],[6.30957648,46.29947314],[6.30953964,46.29944447]]]]},"properties":{"cleabs":"BATIMENT0000000299256541","nature":"Indifférenciée","usage_1":"Indifférencié","usage_2":null,"nombre_d_etages":null,"nombre_de_logements":null,"altitude_minimale_sol":441,"altitude_maximale_toit":446.2,"hauteur":4.8,"hauteur_estimee":false,"h_gouttiere":4.8,"h_faitage":5.2,"identifiants_rnb":"BP6CR3M6MTFT","date_d_apparition":null}},{"type":"Feature","id":102,"geometry":{"type":"MultiPolygon","coordinates":[[[[6.31011703,46.30047676],[6.31007695,46.300459],[6.31008576,46.30045424],[6.3100559,46.30043347],[6.31008147,46.30040479],[6.31011799,46.30042806],[6.31014421,46.30041018],[6.31017565,46.3004354],[6.31011703,46.30047676]]]]},"properties":{"cleabs":"BATIMENT0000000067422895","nature":"Indifférenciée","usage_1":"Indifférencié","usage_2":null,"nombre_d_etages":null,"nombre_de_logements":null,"altitude_minimale_sol":439,"altitude_maximale_toit":null,"hauteur":4.1,"hauteur_estimee":false,"h_gouttiere":4.1,"h_faitage":4.1,"identifiants_rnb":"CP28ZA9XD38D","date_d_apparition":null}},{"type":"Feature","id":103,"geometry":{"type":"MultiPolygon","coordinates":[[[[6.30689406,46.30375548],[6.30699224,46.30378778],[6.30703025,46.30372809],[6.30693223,46.3036985],[6.30689406,46.30375548]]]]},"properties":{"cleabs":"BATIMENT0000000067422970","nature":"Indifférenciée","usage_1":"Annexe","usage_2":null,"nombre_d_etages":1,"nombre_de_logements":0,"altitude_minimale_sol":431.3,"altitude_maximale_toit":435,"hauteur":3.3,"hauteur_estimee":false,"h_gouttiere":3.3,"h_faitage":3.7,"identifiants_rnb":"3ZDW9CK82CRM","date_d_apparition":"1964-01-01Z"}},{"type":"Feature","id":104,"geometry":{"type":"MultiPolygon","coordinates":[[[[6.30636417,46.29912034],[6.30653559,46.29903065],[6.30648095,46.29896554],[6.30638523,46.29901699],[6.30615519,46.29880376],[6.30606072,46.29885427],[6.30636417,46.29912034]]]]},"properties":{"cleabs":"BATIMENT0000000067423980","nature":"Industriel, agricole ou commercial","usage_1":"Industriel","usage_2":"Commercial et services","nombre_d_etages":1,"nombre_de_logements":0,"altitude_minimale_sol":439.4,"altitude_maximale_toit":null,"hauteur":7.8,"hauteur_estimee":false,"h_gouttiere":7.8,"h_faitage":7.8,"identifiants_rnb":"AWF26KQCBKWA","date_d_apparition":"2013-01-01Z"}},{"type":"Feature","id":105,"geometry":{"type":"MultiPolygon","coordinates":[[[[6.30617461,46.29764056],[6.30614866,46.29768458],[6.30593739,46.29763123],[6.3059615,46.29757826],[6.30617461,46.29764056]]]]},"properties":{"cleabs":"BATIMENT0000000067423992","nature":"Industriel, agricole ou commercial","usage_1":"Commercial et services","usage_2":null,"nombre_d_etages":1,"nombre_de_logements":0,"altitude_minimale_sol":441.6,"altitude_maximale_toit":null,"hauteur":6.8,"hauteur_estimee":false,"h_gouttiere":6.8,"h_faitage":6.8,"identifiants_rnb":"BNS3X6873744","date_d_apparition":"1990-01-01Z"}},{"type":"Feature","id":106,"geometry":{"type":"MultiPolygon","coordinates":[[[[6.30601462,46.29895204],[6.30606661,46.2989947],[6.30631276,46.29919484],[6.30608165,46.29932953],[6.30586552,46.29915285],[6.3057848,46.2990867],[6.30595682,46.29898527],[6.30601462,46.29895204]]]]},"properties":{"cleabs":"BATIMENT0000000299255701","nature":"Industriel, agricole ou commercial","usage_1":"Industriel","usage_2":null,"nombre_d_etages":null,"nombre_de_logements":null,"altitude_minimale_sol":438.8,"altitude_maximale_toit":null,"hauteur":6.6,"hauteur_estimee":false,"h_gouttiere":6.6,"h_faitage":6.6,"identifiants_rnb":"YZE16NRHBKNF","date_d_apparition":null}},{"type":"Feature","id":107,"geometry":{"type":"MultiPolygon","coordinates":[[[[6.30796347,46.30301062],[6.30801072,46.30295337],[6.30807585,46.30297671],[6.30813038,46.30299676],[6.30808448,46.30305487],[6.30803131,46.30303568],[6.30796347,46.30301062]]]]},"properties":{"cleabs":"BATIMENT0000000299256322","nature":"Indifférenciée","usage_1":"Résidentiel","usage_2":null,"nombre_d_etages":2,"nombre_de_logements":1,"altitude_minimale_sol":431.2,"altitude_maximale_toit":439.6,"hauteur":4.9,"hauteur_estimee":false,"h_gouttiere":4.9,"h_faitage":8.4,"identifiants_rnb":"S9GTW9NQ73BD","date_d_apparition":"1973-01-01Z"}},{"type":"Feature","id":108,"geometry":{"type":"MultiPolygon","coordinates":[[[[6.30767745,46.30346325],[6.30760571,46.3034383],[6.30771508,46.30329002],[6.30778822,46.30331673],[6.30772562,46.30339966],[6.30767745,46.30346325]]]]},"properties":{"cleabs":"BATIMENT0000000299256332","nature":"Indifférenciée","usage_1":"Indifférencié","usage_2":null,"nombre_d_etages":null,"nombre_de_logements":null,"altitude_minimale_sol":433,"altitude_maximale_toit":null,"hauteur":2.5,"hauteur_estimee":false,"h_gouttiere":2.5,"h_faitage":2.5,"identifiants_rnb":"GPGEG2X2XKWC","date_d_apparition":null}},{"type":"Feature","id":109,"geometry":{"type":"MultiPolygon","coordinates":[[[[6.3082329,46.30275674],[6.30816532,46.30284343],[6.30827709,46.30288524],[6.30834456,46.30279676],[6.3082329,46.30275674]]]]},"properties":{"cleabs":"BATIMENT0000000299256346","nature":"Indifférenciée","usage_1":"Indifférencié","usage_2":null,"nombre_d_etages":null,"nombre_de_logements":null,"altitude_minimale_sol":432.4,"altitude_maximale_toit":439.9,"hauteur":5.6,"hauteur_estimee":false,"h_gouttiere":5.6,"h_faitage":7.5,"identifiants_rnb":"XPHN4YGT6TJ3","date_d_apparition":null}},{"type":"Feature","id":110,"geometry":{"type":"MultiPolygon","coordinates":[[[[6.30764346,46.30296584],[6.30769264,46.30298334],[6.30766971,46.30301284],[6.30762184,46.30299531],[6.30764346,46.30296584]]]]},"properties":{"cleabs":"BATIMENT0000000299256371","nature":"Indifférenciée","usage_1":"Indifférencié","usage_2":null,"nombre_d_etages":null,"nombre_de_logements":null,"altitude_minimale_sol":430.9,"altitude_maximale_toit":434.7,"hauteur":3.7,"hauteur_estimee":false,"h_gouttiere":3.7,"h_faitage":3.8,"identifiants_rnb":"RXM63E75YNVB","date_d_apparition":null}},{"type":"Feature","id":111,"geometry":{"type":"MultiPolygon","coordinates":[[[[6.30849786,46.30240747],[6.3084832,46.30240158],[6.3085244,46.30235172],[6.30862561,46.30239114],[6.30861101,46.30240778],[6.308659,46.30242712],[6.30860196,46.30249457],[6.30846737,46.3024408],[6.30849786,46.30240747]]]]},"properties":{"cleabs":"BATIMENT0000000299256386","nature":"Indifférenciée","usage_1":"Résidentiel","usage_2":null,"nombre_d_etages":1,"nombre_de_logements":1,"altitude_minimale_sol":431.9,"altitude_maximale_toit":439.4,"hauteur":4.4,"hauteur_estimee":false,"h_gouttiere":4.4,"h_faitage":7.5,"identifiants_rnb":"R33CYQ566G8E","date_d_apparition":"1982-01-01Z"}},{"type":"Feature","id":112,"geometry":{"type":"MultiPolygon","coordinates":[[[[6.30425866,46.29920129],[6.30435326,46.29921748],[6.30432386,46.29929043],[6.30423175,46.29927237],[6.30425866,46.29920129]]]]},"properties":{"cleabs":"BATIMENT0000000299256449","nature":"Indifférenciée","usage_1":"Indifférencié","usage_2":null,"nombre_d_etages":null,"nombre_de_logements":null,"altitude_minimale_sol":434.8,"altitude_maximale_toit":443,"hauteur":6.6,"hauteur_estimee":false,"h_gouttiere":6.6,"h_faitage":8.2,"identifiants_rnb":"CE8WCKWTSM11","date_d_apparition":null}},{"type":"Feature","id":113,"geometry":{"type":"MultiPolygon","coordinates":[[[[6.30425866,46.29920129],[6.30426439,46.29918851],[6.3043564,46.29920477],[6.30435326,46.29921748],[6.30425866,46.29920129]]]]},"properties":{"cleabs":"BATIMENT0000000299256450","nature":"Indifférenciée","usage_1":"Indifférencié","usage_2":null,"nombre_d_etages":null,"nombre_de_logements":null,"altitude_minimale_sol":434.8,"altitude_maximale_toit":443,"hauteur":6.7,"hauteur_estimee":false,"h_gouttiere":6.7,"h_faitage":8.2,"identifiants_rnb":null,"date_d_apparition":null}},{"type":"Feature","id":114,"geometry":{"type":"MultiPolygon","coordinates":[[[[6.30415779,46.29936104],[6.30421983,46.29937637],[6.30418421,46.29945401],[6.30411827,46.2994388],[6.30415779,46.29936104]]]]},"properties":{"cleabs":"BATIMENT0000000299256452","nature":"Industriel, agricole ou commercial","usage_1":"Industriel","usage_2":null,"nombre_d_etages":null,"nombre_de_logements":null,"altitude_minimale_sol":434.2,"altitude_maximale_toit":441.5,"hauteur":4.4,"hauteur_estimee":false,"h_gouttiere":4.4,"h_faitage":7.3,"identifiants_rnb":"AMZWS1PV38TD","date_d_apparition":null}},{"type":"Feature","id":115,"geometry":{"type":"MultiPolygon","coordinates":[[[[6.30421481,46.30368455],[6.30426377,46.30369845],[6.30425907,46.3037067],[6.30431327,46.30372135],[6.30432052,46.30373376],[6.30428998,46.30378782],[6.30430188,46.30379108],[6.30428544,46.3038204],[6.30427354,46.30381714],[6.30425592,46.30384829],[6.30414086,46.30381648],[6.30421481,46.30368455]]]]},"properties":{"cleabs":"BATIMENT0000000299256495","nature":"Indifférenciée","usage_1":"Résidentiel","usage_2":null,"nombre_d_etages":2,"nombre_de_logements":1,"altitude_minimale_sol":428.8,"altitude_maximale_toit":437.7,"hauteur":6.2,"hauteur_estimee":false,"h_gouttiere":6.2,"h_faitage":8.9,"identifiants_rnb":"DCQ4VNPWF4QB","date_d_apparition":"2006-01-01Z"}},{"type":"Feature","id":116,"geometry":{"type":"MultiPolygon","coordinates":[[[[6.3049162,46.30070084],[6.30493236,46.30066702],[6.30499435,46.30068145],[6.30497819,46.30071526],[6.3049162,46.30070084]]]]},"properties":{"cleabs":"BATIMENT0000000299256530","nature":"Indifférenciée","usage_1":"Indifférencié","usage_2":null,"nombre_d_etages":null,"nombre_de_logements":null,"altitude_minimale_sol":431.5,"altitude_maximale_toit":439.3,"hauteur":5.1,"hauteur_estimee":false,"h_gouttiere":5.1,"h_faitage":7.8,"identifiants_rnb":"FHA3PREG9SCZ","date_d_apparition":null}},{"type":"Feature","id":117,"geometry":{"type":"MultiPolygon","coordinates":[[[[6.30773208,46.2989265],[6.30752178,46.29903986],[6.30739026,46.29892922],[6.3076004,46.29881316],[6.30773208,46.2989265]]]]},"properties":{"cleabs":"BATIMENT0000000331227039","nature":"Industriel, agricole ou commercial","usage_1":"Industriel","usage_2":"Commercial et services","nombre_d_etages":2,"nombre_de_logements":1,"altitude_minimale_sol":441,"altitude_maximale_toit":447.9,"hauteur":5.5,"hauteur_estimee":false,"h_gouttiere":5.5,"h_faitage":6.9,"identifiants_rnb":"4D53HMG52331","date_d_apparition":"2013-01-01Z"}},{"type":"Feature","id":118,"geometry":{"type":"MultiPolygon","coordinates":[[[[6.30713382,46.30010741],[6.30701025,46.30014975],[6.30688531,46.29997583],[6.30700104,46.29993281],[6.30713382,46.30010741]]]]},"properties":{"cleabs":"BATIMENT0000000331227285","nature":"Indifférenciée","usage_1":"Commercial et services","usage_2":null,"nombre_d_etages":1,"nombre_de_logements":0,"altitude_minimale_sol":435.8,"altitude_maximale_toit":443.1,"hauteur":5.9,"hauteur_estimee":false,"h_gouttiere":5.9,"h_faitage":7.3,"identifiants_rnb":"YHJSZRJD7TJA","date_d_apparition":"2012-01-01Z"}},{"type":"Feature","id":119,"geometry":{"type":"MultiPolygon","coordinates":[[[[6.30948861,46.29980466],[6.3093355,46.29996052],[6.30902061,46.29980654],[6.30911739,46.2997082],[6.30928876,46.29978974],[6.30934255,46.2997332],[6.30948861,46.29980466]]]]},"properties":{"cleabs":"BATIMENT0000000331227402","nature":"Industriel, agricole ou commercial","usage_1":"Indifférencié","usage_2":null,"nombre_d_etages":null,"nombre_de_logements":null,"altitude_minimale_sol":439.1,"altitude_maximale_toit":null,"hauteur":7.4,"hauteur_estimee":false,"h_gouttiere":7.4,"h_faitage":7.4,"identifiants_rnb":"4HH7Q6938AKV","date_d_apparition":null}},{"type":"Feature","id":120,"geometry":{"type":"MultiPolygon","coordinates":[[[[6.3081785,46.30205083],[6.30825445,46.30193056],[6.30805414,46.30186518],[6.30797018,46.30198208],[6.3081785,46.30205083]]]]},"properties":{"cleabs":"BATIMENT0000002003342591","nature":"Indifférenciée","usage_1":"Résidentiel","usage_2":"Annexe","nombre_d_etages":2,"nombre_de_logements":3,"altitude_minimale_sol":432.1,"altitude_maximale_toit":440.8,"hauteur":5.5,"hauteur_estimee":false,"h_gouttiere":5.5,"h_faitage":8.7,"identifiants_rnb":"636C5ARWS4F6","date_d_apparition":"2015-01-01Z"}},{"type":"Feature","id":121,"geometry":{"type":"MultiPolygon","coordinates":[[[[6.30653606,46.30140456],[6.30650639,46.30145139],[6.30639285,46.30142314],[6.30638403,46.30142791],[6.30632848,46.3014124],[6.30632923,46.30140336],[6.30621932,46.3013705],[6.30627462,46.30127426],[6.30658954,46.30136426],[6.30655857,46.30141112],[6.30653606,46.30140456]]]]},"properties":{"cleabs":"BATIMENT0000002003342621","nature":"Indifférenciée","usage_1":"Résidentiel","usage_2":null,"nombre_d_etages":4,"nombre_de_logements":12,"altitude_minimale_sol":431.3,"altitude_maximale_toit":443.9,"hauteur":11.8,"hauteur_estimee":false,"h_gouttiere":11.8,"h_faitage":12.6,"identifiants_rnb":"5W56TPNR8DK2","date_d_apparition":"2016-01-01Z"}},{"type":"Feature","id":122,"geometry":{"type":"MultiPolygon","coordinates":[[[[6.3083955,46.29925331],[6.30818114,46.29904143],[6.30861195,46.29883334],[6.30869658,46.29879212],[6.30878391,46.29888151],[6.30880289,46.29887285],[6.30885813,46.29892622],[6.30884299,46.29893387],[6.30898669,46.2990739],[6.30890823,46.29910953],[6.30898295,46.29918396],[6.30863178,46.29935459],[6.30847877,46.29921123],[6.3083955,46.29925331]]]]},"properties":{"cleabs":"BATIMENT0000002003342629","nature":"Industriel, agricole ou commercial","usage_1":"Commercial et services","usage_2":"Résidentiel","nombre_d_etages":1,"nombre_de_logements":2,"altitude_minimale_sol":440.2,"altitude_maximale_toit":448.1,"hauteur":6.9,"hauteur_estimee":false,"h_gouttiere":6.9,"h_faitage":7.9,"identifiants_rnb":"ECP1PYGA2GVF","date_d_apparition":"2010-01-01Z"}},{"type":"Feature","id":123,"geometry":{"type":"MultiPolygon","coordinates":[[[[6.30699764,46.29918847],[6.30713241,46.29930983],[6.30739322,46.29917157],[6.30719515,46.29899256],[6.30706283,46.2990622],[6.30712613,46.29911984],[6.30699764,46.29918847]]]]},"properties":{"cleabs":"BATIMENT0000002215769793","nature":"Indifférenciée","usage_1":"Indifférencié","usage_2":null,"nombre_d_etages":null,"nombre_de_logements":null,"altitude_minimale_sol":439.7,"altitude_maximale_toit":449.4,"hauteur":8.4,"hauteur_estimee":false,"h_gouttiere":8.4,"h_faitage":9.7,"identifiants_rnb":"842SW293859X","date_d_apparition":null}},{"type":"Feature","id":124,"geometry":{"type":"MultiPolygon","coordinates":[[[[6.30725292,46.29964701],[6.30757349,46.29980894],[6.30772234,46.29966852],[6.30758277,46.29959687],[6.30754709,46.29963035],[6.30736728,46.29953824],[6.30725292,46.29964701]]]]},"properties":{"cleabs":"BATIMENT0000002215769794","nature":"Indifférenciée","usage_1":"Indifférencié","usage_2":null,"nombre_d_etages":null,"nombre_de_logements":null,"altitude_minimale_sol":438.6,"altitude_maximale_toit":447.4,"hauteur":8.2,"hauteur_estimee":false,"h_gouttiere":8.2,"h_faitage":8.8,"identifiants_rnb":"N4KD2H8GFCAS","date_d_apparition":null}},{"type":"Feature","id":125,"geometry":{"type":"MultiPolygon","coordinates":[[[[6.30685192,46.29772454],[6.30727466,46.29809259],[6.30707081,46.29820486],[6.30707632,46.29821011],[6.30705875,46.29822054],[6.30663157,46.2978436],[6.30685192,46.29772454]]]]},"properties":{"cleabs":"BATIMENT0000002479320360","nature":"Industriel, agricole ou commercial","usage_1":"Indifférencié","usage_2":null,"nombre_d_etages":null,"nombre_de_logements":null,"altitude_minimale_sol":440.3,"altitude_maximale_toit":null,"hauteur":9.5,"hauteur_estimee":false,"h_gouttiere":9.5,"h_faitage":9.5,"identifiants_rnb":null,"date_d_apparition":null}},{"type":"Feature","id":126,"geometry":{"type":"MultiPolygon","coordinates":[[[[6.30508957,46.30374208],[6.30554283,46.30386141],[6.30553839,46.30387416],[6.30537178,46.30417281],[6.3049136,46.30405812],[6.30508957,46.30374208]]]]},"properties":{"cleabs":"BATIMENT0000002479320365","nature":"Indifférenciée","usage_1":"Sportif","usage_2":null,"nombre_d_etages":null,"nombre_de_logements":null,"altitude_minimale_sol":430.6,"altitude_maximale_toit":null,"hauteur":11.2,"hauteur_estimee":false,"h_gouttiere":11.2,"h_faitage":11.2,"identifiants_rnb":null,"date_d_apparition":null}},{"type":"Feature","id":127,"geometry":{"type":"MultiPolygon","coordinates":[[[[6.30279804,46.30022875],[6.30281523,46.30016877],[6.30292146,46.30018372],[6.3028993,46.30024745],[6.30279804,46.30022875]]]]},"properties":{"cleabs":"BATIMENT0000000067423984","nature":"Indifférenciée","usage_1":"Annexe","usage_2":null,"nombre_d_etages":1,"nombre_de_logements":0,"altitude_minimale_sol":431.9,"altitude_maximale_toit":436.2,"hauteur":3.8,"hauteur_estimee":false,"h_gouttiere":3.8,"h_faitage":4.3,"identifiants_rnb":"BHDHXJVS4NF1","date_d_apparition":"1985-01-01Z"}},{"type":"Feature","id":128,"geometry":{"type":"MultiPolygon","coordinates":[[[[6.3030879,46.30024829],[6.30313782,46.30025675],[6.30314787,46.30022942],[6.30309789,46.30022006],[6.3030879,46.30024829]]]]},"properties":{"cleabs":"BATIMENT0000002101494489","nature":"Indifférenciée","usage_1":"Indifférencié","usage_2":null,"nombre_d_etages":null,"nombre_de_logements":null,"altitude_minimale_sol":432.1,"altitude_maximale_toit":435.7,"hauteur":3.1,"hauteur_estimee":false,"h_gouttiere":3.1,"h_faitage":3.6,"identifiants_rnb":"RBERXX4QYQDJ","date_d_apparition":null}},{"type":"Feature","id":129,"geometry":{"type":"MultiPolygon","coordinates":[[[[6.30346107,46.30018338],[6.30362285,46.30021384],[6.30359334,46.30028499],[6.30348019,46.30026304],[6.3034757,46.30027489],[6.30342832,46.30026545],[6.30346107,46.30018338]]]]},"properties":{"cleabs":"BATIMENT0000000299256444","nature":"Indifférenciée","usage_1":"Résidentiel","usage_2":"Annexe","nombre_d_etages":2,"nombre_de_logements":1,"altitude_minimale_sol":431.8,"altitude_maximale_toit":439.4,"hauteur":4.4,"hauteur_estimee":false,"h_gouttiere":4.4,"h_faitage":7.6,"identifiants_rnb":"2W84CZCA5M15","date_d_apparition":"1984-01-01Z"}},{"type":"Feature","id":130,"geometry":{"type":"MultiPolygon","coordinates":[[[[6.30311415,46.30012315],[6.30328896,46.30015413],[6.30326086,46.30022705],[6.30308734,46.30019603],[6.30311415,46.30012315]]]]},"properties":{"cleabs":"BATIMENT0000000299256445","nature":"Indifférenciée","usage_1":"Résidentiel","usage_2":null,"nombre_d_etages":1,"nombre_de_logements":1,"altitude_minimale_sol":432.3,"altitude_maximale_toit":438,"hauteur":3.8,"hauteur_estimee":false,"h_gouttiere":3.8,"h_faitage":5.7,"identifiants_rnb":"XKJ947ADE6X5","date_d_apparition":"1984-01-01Z"}},{"type":"Feature","id":131,"geometry":{"type":"MultiPolygon","coordinates":[[[[6.30397384,46.30348425],[6.30369585,46.30340309],[6.30370169,46.30339211],[6.30397973,46.30347417],[6.30397384,46.30348425]]]]},"properties":{"cleabs":"BATIMENT0000000299256491","nature":"Indifférenciée","usage_1":"Indifférencié","usage_2":null,"nombre_d_etages":null,"nombre_de_logements":null,"altitude_minimale_sol":429.3,"altitude_maximale_toit":435.4,"hauteur":6,"hauteur_estimee":false,"h_gouttiere":6,"h_faitage":6.1,"identifiants_rnb":null,"date_d_apparition":null}},{"type":"Feature","id":132,"geometry":{"type":"MultiPolygon","coordinates":[[[[6.30787905,46.30410901],[6.30781825,46.30409275],[6.30790112,46.30395786],[6.30796344,46.30397768],[6.30787905,46.30410901]]]]},"properties":{"cleabs":"BATIMENT0000000297632609","nature":"Industriel, agricole ou commercial","usage_1":"Indifférencié","usage_2":null,"nombre_d_etages":null,"nombre_de_logements":null,"altitude_minimale_sol":430.2,"altitude_maximale_toit":433.4,"hauteur":2.8,"hauteur_estimee":false,"h_gouttiere":2.8,"h_faitage":3.2,"identifiants_rnb":"R1ENMBFJ1NHP","date_d_apparition":null}},{"type":"Feature","id":133,"geometry":{"type":"MultiPolygon","coordinates":[[[[6.31048833,46.30031635],[6.31052061,46.30029108],[6.31050849,46.30028422],[6.31057305,46.30023368],[6.31062974,46.30026808],[6.31066943,46.30023628],[6.31068295,46.3002449],[6.3107099,46.30026034],[6.31060571,46.30034359],[6.31059353,46.30033583],[6.31056125,46.3003611],[6.31053826,46.30034645],[6.31048833,46.30031635]]]]},"properties":{"cleabs":"BATIMENT0000000299256251","nature":"Indifférenciée","usage_1":"Résidentiel","usage_2":null,"nombre_d_etages":2,"nombre_de_logements":1,"altitude_minimale_sol":439.4,"altitude_maximale_toit":447.4,"hauteur":4.8,"hauteur_estimee":false,"h_gouttiere":4.8,"h_faitage":8,"identifiants_rnb":"ZMF821YQ6D2Z","date_d_apparition":"2003-01-01Z"}},{"type":"Feature","id":134,"geometry":{"type":"MultiPolygon","coordinates":[[[[6.30761988,46.30358659],[6.30771553,46.30361987],[6.30763497,46.30372856],[6.30753397,46.30369273],[6.30761988,46.30358659]]]]},"properties":{"cleabs":"BATIMENT0000000299256405","nature":"Indifférenciée","usage_1":"Résidentiel","usage_2":null,"nombre_d_etages":1,"nombre_de_logements":1,"altitude_minimale_sol":431.2,"altitude_maximale_toit":438.2,"hauteur":5,"hauteur_estimee":false,"h_gouttiere":5,"h_faitage":7,"identifiants_rnb":"XXHQDMRX9AZH","date_d_apparition":"1972-01-01Z"}},{"type":"Feature","id":135,"geometry":{"type":"MultiPolygon","coordinates":[[[[6.30370169,46.30339211],[6.30366323,46.30337971],[6.30365225,46.30337011],[6.30364364,46.30335684],[6.30364386,46.30333881],[6.30365142,46.30331336],[6.30363308,46.30331118],[6.30361047,46.30330283],[6.30360777,46.3033011],[6.30348748,46.30350558],[6.30346238,46.30349909],[6.30345286,46.30351379],[6.30344129,46.30351593],[6.30343344,46.30351525],[6.30336458,46.30349472],[6.30335495,46.30348599],[6.30335473,46.30348239],[6.30336052,46.3034705],[6.30333666,46.30346309],[6.30345122,46.3032714],[6.30347508,46.30327882],[6.30348108,46.3032489],[6.3033868,46.30323812],[6.30339669,46.30320809],[6.30341447,46.30317963],[6.30342664,46.30316576],[6.30342918,46.30316479],[6.30341311,46.30315714],[6.30344902,46.30312726],[6.30348163,46.30310739],[6.3035375,46.30308504],[6.30356178,46.30307802],[6.30360943,46.30307033],[6.30367434,46.30306845],[6.30371491,46.30307268],[6.30376364,46.30308298],[6.30367866,46.30322604],[6.30369332,46.30323193],[6.3037069,46.30324145],[6.30371691,46.30325648],[6.30371767,46.30326907],[6.30373206,46.30327046],[6.30375986,46.30327867],[6.30377527,46.30325388],[6.30392749,46.30329814],[6.30391213,46.30332382],[6.30411342,46.30338377],[6.30408503,46.30343056],[6.30411165,46.3034406],[6.30413205,46.30345533],[6.30414471,46.30347118],[6.3040413,46.30350303],[6.30397384,46.30348425],[6.30397973,46.30347417],[6.30370169,46.30339211]]]]},"properties":{"cleabs":"BATIMENT0000000299256490","nature":"Indifférenciée","usage_1":"Commercial et services","usage_2":null,"nombre_d_etages":null,"nombre_de_logements":null,"altitude_minimale_sol":429.3,"altitude_maximale_toit":437.5,"hauteur":6.5,"hauteur_estimee":false,"h_gouttiere":6.5,"h_faitage":8.2,"identifiants_rnb":"N1E35RFQ8714","date_d_apparition":null}},{"type":"Feature","id":136,"geometry":{"type":"MultiPolygon","coordinates":[[[[6.30792247,46.30196724],[6.3079995,46.30184333],[6.30788288,46.30180707],[6.30790299,46.30177404],[6.30784083,46.30175692],[6.30782062,46.30178815],[6.30779546,46.30178076],[6.30771426,46.30190029],[6.30773147,46.3019052],[6.3077159,46.30192728],[6.30778222,46.30194879],[6.30779914,46.30192756],[6.30792247,46.30196724]]]]},"properties":{"cleabs":"BATIMENT0000002003342631","nature":"Indifférenciée","usage_1":"Résidentiel","usage_2":null,"nombre_d_etages":2,"nombre_de_logements":4,"altitude_minimale_sol":431.9,"altitude_maximale_toit":440.8,"hauteur":5.3,"hauteur_estimee":false,"h_gouttiere":5.3,"h_faitage":8.9,"identifiants_rnb":"HNRRD5JJNRED","date_d_apparition":"2015-01-01Z"}},{"type":"Feature","id":137,"geometry":{"type":"MultiPolygon","coordinates":[[[[6.3035279,46.30010574],[6.30360557,46.30012151],[6.30362249,46.30007866],[6.30354487,46.30006379],[6.3035279,46.30010574]]]]},"properties":{"cleabs":"BATIMENT0000002101494475","nature":"Indifférenciée","usage_1":"Indifférencié","usage_2":null,"nombre_d_etages":null,"nombre_de_logements":null,"altitude_minimale_sol":432.4,"altitude_maximale_toit":436.5,"hauteur":2.9,"hauteur_estimee":false,"h_gouttiere":2.9,"h_faitage":4.1,"identifiants_rnb":"9APBNZQR34PA","date_d_apparition":null}},{"type":"Feature","id":138,"geometry":{"type":"MultiPolygon","coordinates":[[[[6.30804823,46.30241242],[6.30808809,46.30242658],[6.30813383,46.30236577],[6.30812058,46.30236165],[6.30807727,46.30241969],[6.30805066,46.30240964],[6.30804823,46.30241242]]]]},"properties":{"cleabs":"BATIMENT0000002101494495","nature":"Indifférenciée","usage_1":"Indifférencié","usage_2":null,"nombre_d_etages":null,"nombre_de_logements":null,"altitude_minimale_sol":432.3,"altitude_maximale_toit":435.8,"hauteur":2.3,"hauteur_estimee":false,"h_gouttiere":2.3,"h_faitage":3.5,"identifiants_rnb":"G7YQHH7B7XPZ","date_d_apparition":null}},{"type":"Feature","id":139,"geometry":{"type":"MultiPolygon","coordinates":[[[[6.30681191,46.29901992],[6.30699764,46.29918847],[6.30712613,46.29911984],[6.30706283,46.2990622],[6.30719515,46.29899256],[6.30699427,46.29881003],[6.30685946,46.29888154],[6.3069392,46.29895313],[6.30681191,46.29901992]]]]},"properties":{"cleabs":"BATIMENT0000002215769792","nature":"Indifférenciée","usage_1":"Indifférencié","usage_2":null,"nombre_d_etages":null,"nombre_de_logements":null,"altitude_minimale_sol":439.7,"altitude_maximale_toit":449.5,"hauteur":8.9,"hauteur_estimee":false,"h_gouttiere":8.9,"h_faitage":9.8,"identifiants_rnb":"DQAAZ2JNQAAQ","date_d_apparition":null}},{"type":"Feature","id":140,"geometry":{"type":"MultiPolygon","coordinates":[[[[6.30859429,46.30223883],[6.30862096,46.30224977],[6.30868162,46.30217771],[6.30864965,46.30216512],[6.30862192,46.30220108],[6.30859429,46.30223883]]]]},"properties":{"cleabs":"BATIMENT0000000299256295","nature":"Indifférenciée","usage_1":"Indifférencié","usage_2":null,"nombre_d_etages":null,"nombre_de_logements":null,"altitude_minimale_sol":431.6,"altitude_maximale_toit":440.5,"hauteur":7.8,"hauteur_estimee":false,"h_gouttiere":7.8,"h_faitage":8.9,"identifiants_rnb":"PVEHT9HHJMDJ","date_d_apparition":null}},{"type":"Feature","id":141,"geometry":{"type":"MultiPolygon","coordinates":[[[[6.31024381,46.30046586],[6.31029867,46.30051294],[6.31032511,46.30049865],[6.31041823,46.30044727],[6.31040995,46.3004394],[6.31035357,46.30038877],[6.31031096,46.30041524],[6.31030826,46.30041352],[6.31030415,46.30041003],[6.31023012,46.30045455],[6.31024381,46.30046586]]]]},"properties":{"cleabs":"BATIMENT0000000299256297","nature":"Indifférenciée","usage_1":"Résidentiel","usage_2":null,"nombre_d_etages":2,"nombre_de_logements":1,"altitude_minimale_sol":439.7,"altitude_maximale_toit":446.9,"hauteur":5.3,"hauteur_estimee":false,"h_gouttiere":5.3,"h_faitage":7.2,"identifiants_rnb":"HXND83GR35PG","date_d_apparition":"1990-01-01Z"}},{"type":"Feature","id":142,"geometry":{"type":"MultiPolygon","coordinates":[[[[6.30923088,46.30046647],[6.30929992,46.30040408],[6.30935534,46.3003529],[6.30937411,46.30036226],[6.3093248,46.30040696],[6.30933416,46.30041119],[6.30925641,46.30048015],[6.30923088,46.30046647]]]]},"properties":{"cleabs":"BATIMENT0000000299256313","nature":"Indifférenciée","usage_1":"Indifférencié","usage_2":null,"nombre_d_etages":null,"nombre_de_logements":null,"altitude_minimale_sol":436.6,"altitude_maximale_toit":443.9,"hauteur":6.1,"hauteur_estimee":false,"h_gouttiere":6.1,"h_faitage":7.3,"identifiants_rnb":"81H4PRA4YZTM","date_d_apparition":null}},{"type":"Feature","id":143,"geometry":{"type":"MultiPolygon","coordinates":[[[[6.30923088,46.30046647],[6.30917445,46.30043656],[6.30923993,46.30037968],[6.30919833,46.30035836],[6.30923283,46.30032672],[6.30927307,46.30034718],[6.30928789,46.30033413],[6.30932143,46.30035118],[6.30933381,46.3003409],[6.30935534,46.3003529],[6.30929992,46.30040408],[6.30923088,46.30046647]]]]},"properties":{"cleabs":"BATIMENT0000000299256314","nature":"Indifférenciée","usage_1":"Résidentiel","usage_2":null,"nombre_d_etages":1,"nombre_de_logements":1,"altitude_minimale_sol":437.5,"altitude_maximale_toit":445.5,"hauteur":5.1,"hauteur_estimee":false,"h_gouttiere":5.1,"h_faitage":8,"identifiants_rnb":"NJSE225CXT66","date_d_apparition":"1977-01-01Z"}},{"type":"Feature","id":144,"geometry":{"type":"MultiPolygon","coordinates":[[[[6.30897189,46.30069931],[6.30899072,46.30070958],[6.30911319,46.30060598],[6.30908765,46.3005923],[6.30901635,46.30055292],[6.30890054,46.30065903],[6.30897189,46.30069931]]]]},"properties":{"cleabs":"BATIMENT0000000299256378","nature":"Indifférenciée","usage_1":"Résidentiel","usage_2":"Annexe","nombre_d_etages":2,"nombre_de_logements":1,"altitude_minimale_sol":435.8,"altitude_maximale_toit":444.3,"hauteur":5.4,"hauteur_estimee":false,"h_gouttiere":5.4,"h_faitage":8.5,"identifiants_rnb":"XNHPZ2WP3D7Q","date_d_apparition":"1979-01-01Z"}},{"type":"Feature","id":145,"geometry":{"type":"MultiPolygon","coordinates":[[[[6.30846224,46.30334492],[6.30849924,46.30335466],[6.30852021,46.30331439],[6.30848581,46.30330458],[6.30846224,46.30334492]]]]},"properties":{"cleabs":"BATIMENT0000000299256381","nature":"Indifférenciée","usage_1":"Indifférencié","usage_2":null,"nombre_d_etages":null,"nombre_de_logements":null,"altitude_minimale_sol":430.6,"altitude_maximale_toit":440.4,"hauteur":8.9,"hauteur_estimee":false,"h_gouttiere":8.9,"h_faitage":9.8,"identifiants_rnb":"6PEX641AB4RV","date_d_apparition":null}},{"type":"Feature","id":146,"geometry":{"type":"MultiPolygon","coordinates":[[[[6.31048745,46.30015145],[6.31041853,46.30010839],[6.31050163,46.30004198],[6.3105976,46.30010228],[6.31051185,46.30016786],[6.31047957,46.30019314],[6.31045522,46.30017762],[6.31048745,46.30015145]]]]},"properties":{"cleabs":"BATIMENT0000000299256419","nature":"Indifférenciée","usage_1":"Résidentiel","usage_2":null,"nombre_d_etages":2,"nombre_de_logements":2,"altitude_minimale_sol":439.9,"altitude_maximale_toit":450.2,"hauteur":6,"hauteur_estimee":false,"h_gouttiere":6,"h_faitage":10.3,"identifiants_rnb":"8RPHBM8NYWHD","date_d_apparition":"1900-01-01Z"}},{"type":"Feature","id":147,"geometry":{"type":"MultiPolygon","coordinates":[[[[6.31029113,46.3000445],[6.31026018,46.30002737],[6.31032447,46.29997233],[6.31041736,46.30002461],[6.31034177,46.30008629],[6.31035113,46.30009052],[6.31030668,46.30012967],[6.31023549,46.30009208],[6.31029113,46.3000445]]]]},"properties":{"cleabs":"BATIMENT0000000299256420","nature":"Indifférenciée","usage_1":"Résidentiel","usage_2":"Annexe","nombre_d_etages":2,"nombre_de_logements":2,"altitude_minimale_sol":439.7,"altitude_maximale_toit":448.9,"hauteur":5.1,"hauteur_estimee":false,"h_gouttiere":5.1,"h_faitage":9.2,"identifiants_rnb":"QCH1H3MKH32P","date_d_apparition":"1954-01-01Z"}},{"type":"Feature","id":148,"geometry":{"type":"MultiPolygon","coordinates":[[[[6.30934654,46.30012153],[6.30941191,46.30006285],[6.30949122,46.3001056],[6.30952831,46.30007388],[6.30954173,46.3000807],[6.30959612,46.30003406],[6.30966742,46.30007345],[6.30954382,46.30017978],[6.30950081,46.3001567],[6.3094688,46.30018647],[6.30934654,46.30012153]]]]},"properties":{"cleabs":"BATIMENT0000000299256422","nature":"Indifférenciée","usage_1":"Résidentiel","usage_2":null,"nombre_d_etages":1,"nombre_de_logements":1,"altitude_minimale_sol":438.1,"altitude_maximale_toit":446.6,"hauteur":4.8,"hauteur_estimee":false,"h_gouttiere":4.8,"h_faitage":8.5,"identifiants_rnb":"ZJGXBNDTD4NH","date_d_apparition":"1976-01-01Z"}},{"type":"Feature","id":149,"geometry":{"type":"MultiPolygon","coordinates":[[[[6.30993613,46.2998295],[6.30987018,46.29979266],[6.30983558,46.29982251],[6.30979117,46.29979767],[6.30974413,46.29983689],[6.3098573,46.29990209],[6.30986542,46.29990726],[6.3099509,46.29983718],[6.30993613,46.2998295]]]]},"properties":{"cleabs":"BATIMENT0000000299256423","nature":"Indifférenciée","usage_1":"Résidentiel","usage_2":null,"nombre_d_etages":2,"nombre_de_logements":1,"altitude_minimale_sol":439.8,"altitude_maximale_toit":448.8,"hauteur":7.1,"hauteur_estimee":false,"h_gouttiere":7.1,"h_faitage":9,"identifiants_rnb":"PGEJ6HJZFA2J","date_d_apparition":"1977-01-01Z"}},{"type":"Feature","id":150,"geometry":{"type":"MultiPolygon","coordinates":[[[[6.3100057,46.30001224],[6.31003264,46.30002768],[6.31004384,46.30001924],[6.31010567,46.30005259],[6.3101232,46.3000629],[6.31013439,46.30005446],[6.31014558,46.30004603],[6.31016987,46.30006064],[6.31015873,46.30006998],[6.31015506,46.30007369],[6.31009575,46.30012498],[6.31009202,46.3001278],[6.30995899,46.30005686],[6.3100057,46.30001224]]]]},"properties":{"cleabs":"BATIMENT0000000299256424","nature":"Indifférenciée","usage_1":"Indifférencié","usage_2":null,"nombre_d_etages":null,"nombre_de_logements":null,"altitude_minimale_sol":437.7,"altitude_maximale_toit":447.1,"hauteur":5.8,"hauteur_estimee":false,"h_gouttiere":5.8,"h_faitage":9.4,"identifiants_rnb":"VHHBXQRJ8Q7Z","date_d_apparition":null}},{"type":"Feature","id":151,"geometry":{"type":"MultiPolygon","coordinates":[[[[6.3107144,46.30016288],[6.31071992,46.30016812],[6.31070229,46.30017765],[6.31063953,46.300129],[6.31068603,46.30010241],[6.31074463,46.30014667],[6.3107144,46.30016288]]]]},"properties":{"cleabs":"BATIMENT0000000299256426","nature":"Indifférenciée","usage_1":"Résidentiel","usage_2":null,"nombre_d_etages":1,"nombre_de_logements":1,"altitude_minimale_sol":439.8,"altitude_maximale_toit":446.6,"hauteur":4.9,"hauteur_estimee":false,"h_gouttiere":4.9,"h_faitage":6.8,"identifiants_rnb":"VSWVQMH5EBQN","date_d_apparition":"2006-01-01Z"}},{"type":"Feature","id":152,"geometry":{"type":"MultiPolygon","coordinates":[[[[6.30919771,46.30380843],[6.30920711,46.30379193],[6.30915827,46.30377983],[6.30910942,46.30376773],[6.30912342,46.30374119],[6.30857149,46.30360311],[6.30869548,46.30337419],[6.30924611,46.3035123],[6.30917628,46.30364772],[6.30941792,46.30370829],[6.3093469,46.30384555],[6.30919771,46.30380843]]]]},"properties":{"cleabs":"BATIMENT0000000299256482","nature":"Indifférenciée","usage_1":"Sportif","usage_2":null,"nombre_d_etages":null,"nombre_de_logements":null,"altitude_minimale_sol":431.1,"altitude_maximale_toit":442,"hauteur":6.9,"hauteur_estimee":false,"h_gouttiere":6.9,"h_faitage":10.9,"identifiants_rnb":"YF14X5FYVXR6","date_d_apparition":null}},{"type":"Feature","id":153,"geometry":{"type":"MultiPolygon","coordinates":[[[[6.30874962,46.30046423],[6.30849212,46.30033472],[6.30864707,46.30018782],[6.30890327,46.30031737],[6.30874962,46.30046423]]]]},"properties":{"cleabs":"BATIMENT0000000299256516","nature":"Industriel, agricole ou commercial","usage_1":"Commercial et services","usage_2":null,"nombre_d_etages":2,"nombre_de_logements":0,"altitude_minimale_sol":435.9,"altitude_maximale_toit":445.1,"hauteur":7.9,"hauteur_estimee":false,"h_gouttiere":7.9,"h_faitage":9.2,"identifiants_rnb":"YWJ7EMY39N4H","date_d_apparition":"2008-01-01Z"}},{"type":"Feature","id":154,"geometry":{"type":"MultiPolygon","coordinates":[[[[6.30865471,46.29964774],[6.30861858,46.29963076],[6.30861322,46.29962822],[6.30863042,46.29961149],[6.30867061,46.29963105],[6.30866818,46.29963383],[6.30865471,46.29964774]]]]},"properties":{"cleabs":"BATIMENT0000000299256534","nature":"Indifférenciée","usage_1":"Indifférencié","usage_2":null,"nombre_d_etages":null,"nombre_de_logements":null,"altitude_minimale_sol":439.4,"altitude_maximale_toit":441.9,"hauteur":2.1,"hauteur_estimee":false,"h_gouttiere":2.1,"h_faitage":2.5,"identifiants_rnb":"HPXGC6F142HH","date_d_apparition":null}},{"type":"Feature","id":155,"geometry":{"type":"MultiPolygon","coordinates":[[[[6.30815925,46.30011998],[6.30794324,46.30000999],[6.30803797,46.29992072],[6.30825397,46.3000307],[6.30815925,46.30011998]]]]},"properties":{"cleabs":"BATIMENT0000000299256535","nature":"Indifférenciée","usage_1":"Indifférencié","usage_2":null,"nombre_d_etages":null,"nombre_de_logements":null,"altitude_minimale_sol":437.8,"altitude_maximale_toit":443.5,"hauteur":5.5,"hauteur_estimee":false,"h_gouttiere":5.5,"h_faitage":5.7,"identifiants_rnb":"A9TBAD812XV3","date_d_apparition":null}},{"type":"Feature","id":156,"geometry":{"type":"MultiPolygon","coordinates":[[[[6.30956104,46.29966916],[6.30930359,46.29954056],[6.30938101,46.2994662],[6.30963846,46.29959481],[6.30956104,46.29966916]]]]},"properties":{"cleabs":"BATIMENT0000000299256537","nature":"Indifférenciée","usage_1":"Commercial et services","usage_2":null,"nombre_d_etages":1,"nombre_de_logements":0,"altitude_minimale_sol":440.7,"altitude_maximale_toit":447.3,"hauteur":4.7,"hauteur_estimee":false,"h_gouttiere":4.7,"h_faitage":6.6,"identifiants_rnb":"Y1VWQB9SJHKY","date_d_apparition":"2010-01-01Z"}},{"type":"Feature","id":157,"geometry":{"type":"MultiPolygon","coordinates":[[[[6.30977532,46.30020189],[6.30985793,46.30012739],[6.30993994,46.30017187],[6.30988815,46.30021844],[6.30987603,46.30021158],[6.30984521,46.30023952],[6.30977532,46.30020189]]]]},"properties":{"cleabs":"BATIMENT0000000299256538","nature":"Indifférenciée","usage_1":"Indifférencié","usage_2":null,"nombre_d_etages":null,"nombre_de_logements":null,"altitude_minimale_sol":440.1,"altitude_maximale_toit":447.6,"hauteur":6.6,"hauteur_estimee":false,"h_gouttiere":6.6,"h_faitage":7.5,"identifiants_rnb":"SZ78R1ZJVNP3","date_d_apparition":null}},{"type":"Feature","id":158,"geometry":{"type":"MultiPolygon","coordinates":[[[[6.30956104,46.29966916],[6.30963846,46.29959481],[6.30968806,46.29961951],[6.30961064,46.29969386],[6.30956104,46.29966916]]]]},"properties":{"cleabs":"BATIMENT0000000299256540","nature":"Indifférenciée","usage_1":"Indifférencié","usage_2":null,"nombre_d_etages":null,"nombre_de_logements":null,"altitude_minimale_sol":440.7,"altitude_maximale_toit":445.7,"hauteur":4.2,"hauteur_estimee":false,"h_gouttiere":4.2,"h_faitage":5,"identifiants_rnb":"VR1KCX7QVNGY","date_d_apparition":null}},{"type":"Feature","id":159,"geometry":{"type":"MultiPolygon","coordinates":[[[[6.30956976,46.29942647],[6.30963372,46.29938766],[6.30979749,46.29951539],[6.30974586,46.29956465],[6.3097022,46.29953077],[6.30967338,46.29954873],[6.30963518,46.2995192],[6.30962518,46.2995258],[6.30960338,46.29950931],[6.30961468,46.29950267],[6.30957648,46.29947314],[6.3096066,46.29945514],[6.30956976,46.29942647]]]]},"properties":{"cleabs":"BATIMENT0000000299256542","nature":"Indifférenciée","usage_1":"Commercial et services","usage_2":null,"nombre_d_etages":2,"nombre_de_logements":0,"altitude_minimale_sol":441,"altitude_maximale_toit":446.4,"hauteur":5.2,"hauteur_estimee":false,"h_gouttiere":5.2,"h_faitage":5.4,"identifiants_rnb":"VHR4J7YE731S","date_d_apparition":"2010-01-01Z"}},{"type":"Feature","id":160,"geometry":{"type":"MultiPolygon","coordinates":[[[[6.3086204,46.29987585],[6.30853054,46.29995958],[6.30826104,46.29982501],[6.30834943,46.29973862],[6.30839092,46.29975815],[6.30840082,46.29974975],[6.30857652,46.29983838],[6.30856403,46.29984685],[6.3086204,46.29987585]]]]},"properties":{"cleabs":"BATIMENT0000000331227401","nature":"Industriel, agricole ou commercial","usage_1":"Commercial et services","usage_2":null,"nombre_d_etages":2,"nombre_de_logements":0,"altitude_minimale_sol":438.4,"altitude_maximale_toit":446.2,"hauteur":7.7,"hauteur_estimee":false,"h_gouttiere":7.7,"h_faitage":7.8,"identifiants_rnb":"PC523PW44G2Z","date_d_apparition":null}},{"type":"Feature","id":161,"geometry":{"type":"MultiPolygon","coordinates":[[[[6.30817526,46.29954631],[6.3078175,46.29958644],[6.30779534,46.29947803],[6.30779664,46.299478],[6.30779063,46.29946465],[6.30760842,46.29948346],[6.30758232,46.29937427],[6.30799697,46.29932888],[6.30802125,46.29945074],[6.30814007,46.29943738],[6.30817526,46.29954631]]]]},"properties":{"cleabs":"BATIMENT0000000331227408","nature":"Industriel, agricole ou commercial","usage_1":"Industriel","usage_2":"Commercial et services","nombre_d_etages":1,"nombre_de_logements":0,"altitude_minimale_sol":437.7,"altitude_maximale_toit":null,"hauteur":11,"hauteur_estimee":false,"h_gouttiere":11,"h_faitage":11,"identifiants_rnb":"HPP4SEF3ZGP2","date_d_apparition":"2012-01-01Z"}},{"type":"Feature","id":162,"geometry":{"type":"MultiPolygon","coordinates":[[[[6.30772444,46.30011188],[6.30780073,46.30004027],[6.30768394,46.29997967],[6.30761014,46.30004941],[6.30772444,46.30011188]]]]},"properties":{"cleabs":"BATIMENT0000002003342569","nature":"Indifférenciée","usage_1":"Résidentiel","usage_2":null,"nombre_d_etages":2,"nombre_de_logements":1,"altitude_minimale_sol":436.6,"altitude_maximale_toit":442,"hauteur":3.8,"hauteur_estimee":false,"h_gouttiere":3.8,"h_faitage":5.4,"identifiants_rnb":"57PV9N77ZCWD","date_d_apparition":"2010-01-01Z"}},{"type":"Feature","id":163,"geometry":{"type":"MultiPolygon","coordinates":[[[[6.30802119,46.30228793],[6.30809996,46.30217118],[6.30789434,46.30210415],[6.30781412,46.30221824],[6.30802119,46.30228793]]]]},"properties":{"cleabs":"BATIMENT0000002003342719","nature":"Indifférenciée","usage_1":"Résidentiel","usage_2":null,"nombre_d_etages":2,"nombre_de_logements":4,"altitude_minimale_sol":433.1,"altitude_maximale_toit":null,"hauteur":4.7,"hauteur_estimee":false,"h_gouttiere":4.7,"h_faitage":4.7,"identifiants_rnb":"JP2WJWCZ7S1E","date_d_apparition":"2015-01-01Z"}},{"type":"Feature","id":164,"geometry":{"type":"MultiPolygon","coordinates":[[[[6.30858267,46.30064934],[6.30866982,46.30056389],[6.30837343,46.30041478],[6.30828378,46.3005021],[6.30826529,46.30051886],[6.3084609,46.30061412],[6.3084808,46.30059912],[6.30858267,46.30064934]]]]},"properties":{"cleabs":"BATIMENT0000002003342836","nature":"Indifférenciée","usage_1":"Indifférencié","usage_2":null,"nombre_d_etages":null,"nombre_de_logements":null,"altitude_minimale_sol":436,"altitude_maximale_toit":446.5,"hauteur":7.2,"hauteur_estimee":false,"h_gouttiere":7.2,"h_faitage":10.5,"identifiants_rnb":"Y8665CVCS6XK","date_d_apparition":null}},{"type":"Feature","id":165,"geometry":{"type":"MultiPolygon","coordinates":[[[[6.30775732,46.30220367],[6.30763658,46.30216391],[6.30762577,46.30217865],[6.3075661,46.30215965],[6.30757686,46.30214402],[6.3075556,46.30213652],[6.30763577,46.30202154],[6.30766486,46.30198644],[6.30774184,46.30201215],[6.3077154,46.30204806],[6.30783354,46.30208789],[6.30775732,46.30220367]]]]},"properties":{"cleabs":"BATIMENT0000002003342842","nature":"Indifférenciée","usage_1":"Résidentiel","usage_2":"Annexe","nombre_d_etages":2,"nombre_de_logements":3,"altitude_minimale_sol":432.1,"altitude_maximale_toit":441,"hauteur":5.5,"hauteur_estimee":false,"h_gouttiere":5.5,"h_faitage":8.9,"identifiants_rnb":"TSA7X8YHVEGT","date_d_apparition":"2015-01-01Z"}},{"type":"Feature","id":166,"geometry":{"type":"MultiPolygon","coordinates":[[[[6.30804168,46.30241171],[6.30804834,46.30241422],[6.30804823,46.30241242],[6.30805066,46.30240964],[6.30807727,46.30241969],[6.30812058,46.30236165],[6.30813383,46.30236577],[6.30813518,46.30236663],[6.30813881,46.30236202],[6.30809099,46.30234538],[6.30804168,46.30241171]]]]},"properties":{"cleabs":"BATIMENT0000002101494494","nature":"Indifférenciée","usage_1":"Indifférencié","usage_2":null,"nombre_d_etages":null,"nombre_de_logements":null,"altitude_minimale_sol":432.3,"altitude_maximale_toit":435.7,"hauteur":3.2,"hauteur_estimee":false,"h_gouttiere":3.2,"h_faitage":3.4,"identifiants_rnb":"8YGPWXWA7M35","date_d_apparition":null}},{"type":"Feature","id":167,"geometry":{"type":"MultiPolygon","coordinates":[[[[6.30768974,46.29986054],[6.30779301,46.29991251],[6.30795667,46.29975905],[6.30789635,46.29972926],[6.307873,46.29975157],[6.30782869,46.29972852],[6.30768974,46.29986054]]]]},"properties":{"cleabs":"BATIMENT0000002215769795","nature":"Indifférenciée","usage_1":"Indifférencié","usage_2":null,"nombre_d_etages":null,"nombre_de_logements":null,"altitude_minimale_sol":438.2,"altitude_maximale_toit":446.5,"hauteur":7.6,"hauteur_estimee":false,"h_gouttiere":7.6,"h_faitage":8.3,"identifiants_rnb":"D3YE85S1DEXA","date_d_apparition":null}},{"type":"Feature","id":168,"geometry":{"type":"MultiPolygon","coordinates":[[[[6.30848164,46.30271978],[6.30834878,46.30267316],[6.30821598,46.30262745],[6.30805521,46.30257084],[6.30811657,46.30248884],[6.30828778,46.30254606],[6.3083406,46.30247332],[6.30849601,46.30252739],[6.30842622,46.30262044],[6.30852727,46.30265716],[6.30848164,46.30271978]]]]},"properties":{"cleabs":"BATIMENT0000002244842625","nature":"Indifférenciée","usage_1":"Indifférencié","usage_2":null,"nombre_d_etages":null,"nombre_de_logements":null,"altitude_minimale_sol":432.9,"altitude_maximale_toit":null,"hauteur":6.4,"hauteur_estimee":false,"h_gouttiere":6.4,"h_faitage":6.4,"identifiants_rnb":"FKPCH2854B61","date_d_apparition":null}},{"type":"Feature","id":169,"geometry":{"type":"MultiPolygon","coordinates":[[[[6.30860802,46.29859642],[6.30837778,46.29872388],[6.30780046,46.29822963],[6.30804358,46.2981],[6.30860802,46.29859642]]]]},"properties":{"cleabs":"BATIMENT0000002245306260","nature":"Industriel, agricole ou commercial","usage_1":"Industriel","usage_2":null,"nombre_d_etages":null,"nombre_de_logements":null,"altitude_minimale_sol":442.1,"altitude_maximale_toit":450.4,"hauteur":8,"hauteur_estimee":false,"h_gouttiere":8,"h_faitage":8.3,"identifiants_rnb":"1N6CTJA1ZPF4","date_d_apparition":null}}]}